CustomerID,Age,Gender,MaritalStatus,NumDependents,EmploymentStatus,AnnualIncome,ExistingLoans,LoanAmount,CreditScore,TenureWithBank,AccountBalance,RequestedCreditLine,Decision
1,56,M,Single,3,Retired,146479,No,48174,784,16,13237,10777,800
2,69,M,Married,2,Employed,47127,Yes,35699,808,22,16251,12249,300
3,46,M,Widowed,4,Unemployed,25141,Yes,46335,597,3,19252,22390,800
4,32,F,Single,3,Unemployed,48884,Yes,46806,463,24,10707,21369,600
5,60,M,Widowed,3,Self-Employed,110421,No,12317,675,12,34206,13881,400
6,25,M,Married,0,Retired,22708,No,35739,567,25,28740,10587,300
7,38,M,Single,0,Self-Employed,38375,Yes,34785,848,8,3543,29264,600
8,56,F,Divorced,4,Retired,35088,Yes,31980,373,13,44135,9791,600
9,36,F,Married,3,Employed,77615,No,23799,807,4,48288,42473,300
10,40,M,Divorced,1,Employed,130138,Yes,35183,372,14,39111,23375,500
11,28,M,Widowed,0,Employed,65046,No,29166,607,14,35031,23611,400
12,28,M,Widowed,4,Employed,30014,No,19480,498,13,42929,43026,400
13,41,M,Married,3,Unemployed,84425,Yes,1609,429,27,211,8833,400
14,53,F,Widowed,3,Unemployed,23273,No,717,786,6,46577,48013,800
15,57,F,Divorced,1,Self-Employed,67135,Yes,19945,450,17,39795,16754,500
16,41,F,Single,4,Retired,122842,Yes,25592,505,4,331,43048,300
17,20,F,Single,3,Employed,50881,Yes,28141,478,8,23244,13577,300
18,39,M,Single,0,Employed,117022,Yes,30009,496,17,8169,32095,400
19,19,M,Married,1,Retired,98077,Yes,45430,388,3,22104,22248,400
20,41,M,Widowed,4,Retired,28712,Yes,6782,733,17,41901,36282,400
21,61,F,Divorced,1,Self-Employed,94704,No,26536,482,9,14591,37737,500
22,47,M,Widowed,0,Retired,72874,No,33816,508,2,31711,32891,500
23,55,F,Widowed,4,Employed,89087,No,25933,792,25,48893,25124,600
24,19,F,Widowed,1,Employed,32297,No,11618,429,13,727,5566,600
25,38,M,Single,2,Employed,129269,Yes,8307,312,20,21359,3196,600
26,50,M,Divorced,0,Employed,47128,No,26671,405,2,43822,32115,800
27,29,M,Divorced,0,Employed,88368,No,40673,674,20,36011,20859,300
28,39,F,Widowed,0,Self-Employed,114019,No,42761,398,28,49800,12345,700
29,61,M,Single,2,Employed,107599,Yes,10338,491,11,37863,35077,300
30,42,F,Single,2,Self-Employed,108499,No,38346,624,27,46577,1864,300
31,66,M,Divorced,3,Employed,98958,Yes,46602,766,26,22998,13055,500
32,44,F,Single,1,Unemployed,52920,No,6548,666,22,10929,39157,800
33,59,F,Single,3,Unemployed,140442,Yes,40149,617,15,14842,20747,300
34,45,M,Single,1,Unemployed,31156,Yes,21164,443,11,23519,45484,300
35,33,F,Married,2,Unemployed,31108,No,27526,683,23,17393,12978,600
36,32,F,Widowed,2,Self-Employed,51845,Yes,31222,515,3,34318,25599,400
37,64,M,Divorced,3,Self-Employed,22800,Yes,20176,660,3,8995,36771,600
38,68,F,Divorced,4,Retired,148832,No,2941,623,28,28656,47942,800
39,61,M,Married,3,Employed,123614,No,5695,314,26,47934,47540,300
40,69,F,Widowed,1,Unemployed,62712,No,39169,516,12,40260,18615,500
41,20,M,Divorced,3,Self-Employed,22610,Yes,47947,791,24,45269,41727,600
42,54,M,Single,0,Employed,97603,Yes,47224,846,5,15567,45748,400
43,68,F,Divorced,1,Employed,53872,Yes,45865,482,20,28840,40349,300
44,24,F,Single,1,Self-Employed,30728,No,25553,569,7,23831,30377,800
45,38,F,Married,4,Unemployed,115102,Yes,38965,766,7,13265,31031,600
46,26,F,Single,2,Retired,115319,Yes,38218,818,13,5424,43733,400
47,56,F,Divorced,1,Employed,142049,Yes,25359,841,9,20625,12760,600
48,35,M,Divorced,2,Retired,40583,Yes,24816,766,25,14086,48690,800
49,21,F,Divorced,3,Unemployed,105774,Yes,8378,604,21,29187,34714,700
50,42,M,Married,0,Unemployed,27263,Yes,1881,443,13,35929,26762,300
51,31,M,Married,4,Retired,146374,Yes,39567,410,12,20539,35332,700
52,67,F,Widowed,2,Unemployed,87450,No,47365,531,13,25103,41100,300
53,26,M,Divorced,1,Employed,109285,No,13675,799,24,27874,5944,500
54,43,M,Single,2,Retired,39456,No,4586,572,10,9215,49825,300
55,19,M,Married,1,Unemployed,111118,Yes,25006,472,1,39385,14877,400
56,37,M,Divorced,2,Retired,85942,Yes,41198,306,25,22044,30990,700
57,45,F,Divorced,1,Employed,33689,No,22831,454,8,11926,43907,400
58,64,M,Married,3,Unemployed,52934,Yes,35113,821,22,47860,35076,600
59,24,F,Widowed,1,Employed,53276,No,16459,845,16,31501,4258,300
60,61,F,Married,1,Unemployed,136349,Yes,32443,847,13,29774,32629,700
61,25,M,Married,0,Self-Employed,149336,Yes,42316,817,3,25008,38579,700
62,64,F,Single,1,Unemployed,121968,No,30595,514,3,48928,23958,500
63,52,F,Single,0,Retired,39873,No,5877,433,24,17560,40465,300
64,31,F,Widowed,4,Unemployed,33050,No,39553,584,5,24340,21317,400
65,34,M,Divorced,0,Employed,86216,No,48601,425,26,24976,16775,300
66,53,F,Married,3,Employed,104444,No,4922,738,11,48406,12039,500
67,67,F,Widowed,0,Unemployed,104040,Yes,4686,451,7,27626,30097,500
68,57,F,Single,4,Retired,41644,Yes,32766,630,21,32720,35207,800
69,21,M,Married,3,Self-Employed,82021,Yes,14407,837,24,35001,23553,400
70,19,F,Divorced,2,Retired,57125,No,32006,682,10,4700,45402,500
71,23,M,Single,2,Self-Employed,86899,No,31422,414,10,43795,1055,500
72,59,M,Single,0,Employed,62291,No,12205,781,20,7860,24161,300
73,21,M,Single,0,Retired,55060,No,21054,583,2,7526,33873,300
74,46,M,Widowed,4,Self-Employed,21538,No,23527,374,3,38327,36969,400
75,35,M,Divorced,4,Unemployed,56176,No,45947,465,8,39500,16184,300
76,43,M,Married,1,Employed,142430,Yes,18443,488,11,2513,1669,500
77,61,F,Widowed,4,Unemployed,61520,Yes,16524,377,13,7830,13663,500
78,51,M,Widowed,1,Employed,45675,Yes,28202,320,7,14781,26318,500
79,27,F,Widowed,3,Retired,38287,Yes,16,483,13,7910,34734,500
80,53,F,Single,0,Retired,20174,Yes,46142,521,2,15847,17691,800
81,31,M,Divorced,3,Employed,112268,No,16848,627,6,5649,19522,400
82,48,F,Widowed,4,Employed,54998,No,20855,478,9,9120,12656,500
83,65,F,Married,3,Employed,122591,No,18211,411,20,1951,16893,700
84,32,F,Divorced,3,Retired,73312,No,25095,358,25,10165,46857,700
85,25,F,Married,3,Self-Employed,32112,No,38724,626,2,14352,17493,700
86,31,M,Divorced,4,Unemployed,125410,No,49241,490,18,9746,4632,500
87,40,F,Married,3,Unemployed,95225,Yes,37583,499,16,43738,31336,400
88,57,M,Single,1,Retired,64814,No,2843,611,25,28997,24112,700
89,38,F,Widowed,4,Unemployed,105091,No,29301,334,12,41954,39452,500
90,33,F,Married,3,Employed,70719,No,26460,678,7,24183,14266,500
91,62,M,Divorced,4,Self-Employed,149887,No,31918,686,7,8804,17940,600
92,35,F,Widowed,2,Unemployed,53919,Yes,28747,536,17,27169,25003,400
93,64,F,Widowed,1,Self-Employed,93155,Yes,15972,818,13,595,33872,400
94,41,F,Divorced,3,Employed,91569,No,28310,582,11,29592,35815,300
95,43,M,Married,2,Unemployed,61328,Yes,22927,300,6,40643,31869,400
96,42,F,Single,2,Retired,90482,Yes,1094,763,29,20823,18257,600
97,62,M,Single,4,Self-Employed,44618,No,38892,529,23,5972,17682,300
98,58,F,Married,2,Employed,54675,No,34172,471,27,15882,20622,400
99,46,M,Widowed,1,Self-Employed,121794,No,23324,386,14,858,31408,800
100,32,M,Widowed,1,Unemployed,38919,No,20674,422,6,5519,9837,400
101,62,F,Widowed,0,Unemployed,24173,No,3982,597,6,23769,16407,400
102,18,F,Widowed,1,Retired,129369,Yes,45283,783,2,25020,30309,400
103,42,M,Married,2,Employed,46400,No,15790,464,22,42748,7382,300
104,24,M,Widowed,1,Employed,70445,No,12205,682,20,37085,28654,300
105,26,F,Divorced,4,Retired,90305,No,24338,508,25,19838,19895,400
106,41,M,Widowed,0,Retired,57564,Yes,12748,731,15,44912,34551,300
107,18,F,Single,2,Employed,65814,No,21097,688,28,12879,22376,400
108,61,F,Widowed,0,Self-Employed,99747,No,3092,523,17,33798,1370,400
109,25,F,Married,2,Self-Employed,108791,No,22692,302,29,42255,49676,400
110,41,F,Single,4,Retired,47962,Yes,23862,671,8,24290,1486,300
111,28,M,Married,0,Self-Employed,104892,No,24860,745,5,46073,24762,400
112,68,F,Married,3,Employed,105842,No,13971,415,17,10255,27613,300
113,34,M,Single,2,Unemployed,90533,No,14616,569,20,1447,48268,500
114,25,F,Married,3,Unemployed,76184,Yes,4933,746,1,43005,4196,400
115,52,M,Married,0,Self-Employed,102912,No,4926,667,22,29195,43320,300
116,52,F,Widowed,3,Retired,126416,No,25763,552,18,2850,30401,800
117,50,M,Divorced,3,Retired,123591,No,3969,616,15,28400,36029,800
118,22,M,Married,0,Retired,30578,Yes,35733,714,5,11953,11813,300
119,59,F,Married,4,Retired,38624,No,4319,394,7,40874,42916,400
120,56,F,Married,3,Retired,136164,No,41743,323,18,23535,9572,300
121,58,F,Widowed,3,Self-Employed,59194,No,39876,349,6,10000,48776,800
122,45,F,Divorced,4,Unemployed,129903,Yes,41909,801,22,9503,29225,500
123,24,M,Single,3,Unemployed,20389,Yes,20323,797,21,15493,46853,500
124,26,F,Widowed,3,Self-Employed,119303,No,16428,634,5,4055,33275,500
125,25,M,Widowed,3,Retired,131116,Yes,34578,378,19,38170,7843,300
126,29,M,Divorced,1,Self-Employed,133903,Yes,20950,326,10,32408,2105,700
127,51,F,Divorced,4,Unemployed,87391,Yes,43041,570,15,42049,44209,400
128,50,M,Widowed,3,Employed,126429,No,41789,546,10,34440,32639,400
129,65,M,Single,4,Self-Employed,33794,No,18293,686,27,28251,43487,800
130,40,M,Widowed,2,Retired,78002,Yes,6364,660,16,4532,19051,500
131,41,M,Divorced,2,Unemployed,55531,Yes,35349,787,12,4924,29708,700
132,54,F,Single,3,Unemployed,72815,Yes,691,651,18,48037,36459,600
133,52,F,Divorced,4,Unemployed,24986,No,30062,555,23,12546,12864,400
134,61,F,Single,4,Unemployed,52298,No,931,521,1,26579,35764,800
135,57,F,Married,4,Retired,21481,Yes,45896,300,16,6085,2425,800
136,39,M,Divorced,1,Employed,76408,Yes,31730,845,22,12390,7849,600
137,44,M,Divorced,2,Unemployed,89267,Yes,14226,745,6,13280,37015,600
138,52,F,Widowed,4,Self-Employed,141950,Yes,13861,378,3,24118,19976,600
139,18,F,Divorced,4,Employed,36835,No,31301,535,2,4864,35258,800
140,52,F,Divorced,1,Unemployed,145355,Yes,48243,633,28,42084,48078,600
141,54,M,Married,1,Employed,47798,No,22766,648,2,33989,32113,700
142,64,F,Divorced,4,Self-Employed,111649,Yes,36174,397,13,35628,16401,700
143,31,F,Married,0,Unemployed,84887,Yes,41107,381,9,26849,13884,400
144,20,F,Married,4,Self-Employed,39477,Yes,17695,801,16,27566,19824,400
145,18,M,Married,4,Retired,37266,Yes,41347,776,27,10702,38563,500
146,22,M,Married,1,Unemployed,106328,Yes,3121,849,5,41196,35414,600
147,43,M,Single,1,Unemployed,105988,No,18257,313,23,15385,17142,400
148,31,M,Widowed,4,Unemployed,147815,Yes,28164,691,28,9336,48074,500
149,56,M,Single,4,Unemployed,63526,Yes,25491,646,21,31225,6956,300
150,44,M,Divorced,4,Retired,137965,Yes,23165,609,7,36021,14928,500
151,26,M,Single,1,Unemployed,134615,No,48714,685,13,3782,10721,300
152,32,M,Single,4,Employed,126870,No,3748,508,20,23341,12157,500
153,32,F,Divorced,4,Unemployed,147426,No,33045,656,24,49918,36135,300
154,43,F,Divorced,3,Retired,31889,No,26553,393,29,24094,7696,700
155,59,M,Divorced,0,Unemployed,44335,Yes,44331,392,27,49111,28862,400
156,30,M,Single,2,Employed,31254,Yes,30497,639,26,23866,6190,300
157,68,F,Single,0,Retired,106610,Yes,31308,744,13,19049,5663,400
158,49,M,Divorced,3,Retired,31442,No,39560,321,27,42719,40830,400
159,56,M,Widowed,2,Employed,66289,Yes,46686,590,26,30992,5331,600
160,66,M,Widowed,4,Employed,73747,Yes,10374,784,7,49037,45648,400
161,69,F,Married,3,Employed,57327,No,4675,605,10,14567,29549,300
162,49,F,Divorced,4,Employed,36199,No,1170,427,15,44451,17246,300
163,21,F,Married,1,Employed,92827,No,41449,572,21,3513,26761,600
164,47,F,Widowed,3,Retired,126464,Yes,43485,741,27,49647,4262,700
165,54,F,Married,1,Retired,20112,Yes,12450,802,6,13335,47088,300
166,40,M,Divorced,3,Unemployed,107051,No,10680,429,5,44140,8036,700
167,56,F,Divorced,3,Unemployed,39581,Yes,10068,431,23,38590,23322,500
168,62,M,Divorced,1,Self-Employed,134228,No,35230,781,28,14837,20131,400
169,32,M,Single,2,Unemployed,79722,No,46418,689,2,12122,5677,300
170,60,F,Married,0,Unemployed,112036,Yes,26206,624,21,34840,8972,400
171,46,F,Widowed,4,Employed,117562,No,287,368,15,31007,16329,700
172,53,M,Widowed,3,Employed,36523,No,22337,747,26,41297,38032,400
173,30,M,Widowed,4,Unemployed,86960,No,20666,827,16,27684,36901,300
174,49,M,Single,1,Self-Employed,137637,Yes,1161,464,19,26393,45380,300
175,24,F,Single,4,Employed,39552,No,49281,787,9,22754,21493,800
176,68,F,Divorced,1,Unemployed,143396,No,35131,725,29,20799,19595,300
177,39,F,Widowed,4,Unemployed,30808,No,24535,564,22,38727,22923,300
178,45,F,Single,0,Retired,124347,No,32528,641,29,9107,47926,600
179,19,F,Divorced,0,Self-Employed,92525,No,38751,577,26,5993,10735,800
180,59,M,Widowed,0,Retired,43620,No,16527,738,19,30805,35457,600
181,62,F,Married,0,Self-Employed,124565,No,40975,456,7,28114,43531,500
182,23,M,Divorced,0,Employed,20887,Yes,23853,721,4,37789,8727,400
183,45,M,Single,0,Self-Employed,51802,Yes,14758,550,3,46314,8764,700
184,45,M,Single,1,Unemployed,105024,No,244,829,24,42942,46771,600
185,61,F,Divorced,3,Unemployed,115549,Yes,3178,626,29,16138,28599,500
186,61,F,Divorced,4,Self-Employed,134737,Yes,31831,396,20,44527,1818,500
187,37,F,Single,0,Self-Employed,138639,No,2176,812,11,9190,48207,800
188,47,M,Married,1,Self-Employed,138248,Yes,37770,515,1,26723,48845,300
189,28,M,Widowed,1,Retired,101938,No,33654,431,6,12886,38289,400
190,45,M,Married,1,Self-Employed,106741,No,26627,559,26,16779,34892,400
191,42,M,Divorced,3,Employed,141028,No,46489,424,11,28174,6660,300
192,56,M,Married,4,Retired,142746,No,44910,381,27,29086,30521,700
193,50,M,Single,3,Retired,46049,No,24881,582,1,17322,39409,400
194,18,F,Divorced,2,Self-Employed,97789,Yes,35422,358,21,42596,35470,400
195,44,F,Widowed,1,Employed,104526,No,11984,843,7,35278,19385,300
196,69,F,Single,2,Retired,27846,Yes,23776,460,6,18033,24296,400
197,30,F,Single,0,Unemployed,110563,No,17755,583,14,20074,24616,300
198,58,M,Widowed,0,Retired,124736,No,7135,405,2,3435,27382,700
199,20,M,Widowed,3,Self-Employed,66220,No,320,404,27,35969,12139,500
200,56,F,Married,4,Employed,66163,Yes,37422,738,4,28942,33060,300
201,23,M,Divorced,2,Self-Employed,23765,No,28635,527,11,29059,23419,600
202,25,F,Widowed,4,Unemployed,137126,No,21684,617,15,47921,28785,300
203,44,F,Widowed,3,Unemployed,101486,No,23238,763,18,32826,16702,400
204,26,F,Divorced,0,Unemployed,65270,No,21889,771,27,30297,30217,300
205,54,M,Widowed,4,Self-Employed,95277,Yes,30313,355,1,43890,40291,700
206,50,F,Widowed,4,Retired,108278,No,32535,312,3,21322,13397,300
207,68,F,Married,0,Self-Employed,146354,Yes,48899,739,3,35739,41879,300
208,59,F,Single,2,Employed,110239,No,10770,317,28,9719,36169,700
209,61,M,Single,0,Retired,124245,Yes,39321,412,7,14017,27940,500
210,41,M,Single,4,Unemployed,142332,Yes,20426,528,1,8314,43249,600
211,32,F,Single,2,Self-Employed,123159,No,44327,470,25,28295,29341,800
212,49,M,Widowed,2,Unemployed,42931,No,41777,594,11,9628,11067,300
213,49,M,Divorced,0,Unemployed,109116,Yes,46250,488,6,42122,47144,400
214,41,M,Divorced,4,Employed,140599,No,7498,725,20,11492,14824,300
215,58,M,Married,3,Retired,75633,No,39404,378,3,36113,14444,400
216,69,M,Married,4,Employed,100702,No,40130,481,19,15357,46647,500
217,66,M,Widowed,1,Employed,71913,Yes,16395,798,2,33329,49880,600
218,66,M,Divorced,3,Employed,139144,No,49346,370,18,20365,34307,500
219,69,M,Divorced,2,Unemployed,114776,No,2537,547,12,39029,11974,300
220,29,M,Single,3,Employed,45991,No,19226,445,29,1737,47614,400
221,56,M,Widowed,2,Employed,141049,Yes,15216,595,10,9096,39383,300
222,19,F,Widowed,2,Retired,74845,No,18613,769,5,19938,30290,300
223,20,F,Single,3,Retired,124092,Yes,3009,805,9,12682,17016,400
224,66,M,Widowed,2,Employed,118505,No,24368,492,2,27499,33112,400
225,54,F,Widowed,2,Retired,75312,Yes,29327,367,2,44491,29513,400
226,66,F,Married,1,Retired,30561,No,14209,793,28,44866,3956,300
227,34,M,Divorced,4,Employed,36901,No,48443,351,6,41894,9077,400
228,66,M,Widowed,4,Unemployed,126041,Yes,15029,662,29,46157,37490,400
229,19,M,Married,1,Employed,115556,Yes,2077,773,10,41034,45827,400
230,19,F,Divorced,3,Retired,82875,Yes,13907,820,18,294,38855,700
231,45,F,Single,0,Unemployed,45917,No,36635,730,12,32536,44106,800
232,40,M,Married,0,Self-Employed,82120,No,48920,597,4,24596,35938,500
233,54,M,Married,0,Unemployed,21988,No,4873,734,22,32649,37159,800
234,49,M,Divorced,1,Retired,133745,No,8635,497,21,11434,40710,800
235,50,F,Single,1,Unemployed,130041,Yes,33065,427,17,38098,19000,400
236,18,F,Married,2,Employed,148467,No,45863,831,15,4655,14806,500
237,36,F,Widowed,0,Self-Employed,147400,No,41804,710,6,17493,48560,400
238,19,F,Widowed,3,Self-Employed,34256,No,33783,364,16,46228,13809,500
239,61,M,Widowed,3,Self-Employed,138490,No,34152,540,17,3771,15855,700
240,43,M,Single,0,Retired,107728,No,41513,668,3,8563,42876,300
241,49,M,Married,0,Retired,146155,No,29092,835,10,17558,30388,500
242,23,M,Widowed,0,Self-Employed,48230,No,17653,683,5,33932,7458,300
243,49,F,Single,1,Unemployed,125466,Yes,32463,730,14,42243,36524,400
244,21,F,Widowed,1,Self-Employed,79778,No,34028,382,26,26567,7853,700
245,28,M,Divorced,1,Unemployed,65833,No,40469,585,29,32376,41477,600
246,34,M,Married,4,Unemployed,42625,No,20947,833,21,21922,33222,700
247,55,F,Married,3,Retired,52088,No,29978,758,13,12388,19320,400
248,41,M,Single,3,Unemployed,99650,Yes,22056,511,26,29332,29618,500
249,22,F,Single,2,Self-Employed,61167,Yes,29007,425,6,46737,46615,600
250,69,M,Married,1,Retired,123937,Yes,43169,712,12,23495,18352,800
251,51,M,Widowed,4,Employed,91291,Yes,48287,798,26,8434,8297,800
252,23,M,Widowed,4,Employed,85303,Yes,44632,724,8,20991,28940,600
253,39,M,Divorced,3,Retired,96361,Yes,48449,842,5,27472,4203,300
254,28,M,Widowed,1,Self-Employed,108229,No,5543,457,15,40030,40267,500
255,65,M,Single,2,Employed,24117,Yes,21067,411,27,26849,38941,700
256,33,M,Single,1,Employed,110265,Yes,45256,701,16,1541,18273,800
257,50,F,Widowed,0,Unemployed,148938,No,25097,421,1,2765,26368,500
258,26,F,Single,1,Unemployed,117718,Yes,42847,572,16,43074,12650,600
259,23,F,Married,0,Self-Employed,80710,No,43512,593,5,37259,31984,500
260,33,F,Married,0,Retired,114426,No,3809,697,3,29283,42941,800
261,46,F,Widowed,2,Self-Employed,114876,Yes,22191,770,20,35851,8382,800
262,20,M,Married,3,Retired,87054,No,21267,506,15,34625,1801,400
263,37,M,Married,1,Employed,50949,Yes,7206,409,13,769,42002,300
264,53,F,Divorced,0,Unemployed,42547,Yes,21057,739,24,17806,47665,400
265,36,M,Divorced,1,Self-Employed,101882,No,28992,577,16,24982,48965,700
266,43,F,Married,3,Self-Employed,88136,No,46514,781,23,2972,20733,400
267,20,F,Widowed,3,Retired,131541,Yes,15995,413,11,18256,10969,300
268,36,M,Divorced,4,Retired,136883,No,48803,776,21,38367,36969,800
269,37,M,Single,3,Self-Employed,84619,No,44439,620,2,18653,17733,400
270,49,M,Single,2,Retired,81842,Yes,13210,478,22,38043,33449,300
271,24,F,Single,0,Self-Employed,114803,Yes,17793,518,27,21133,27143,400
272,69,M,Widowed,4,Self-Employed,121858,No,26270,827,6,39339,26705,300
273,58,F,Married,2,Self-Employed,46990,Yes,5197,791,26,25757,29363,400
274,50,F,Single,1,Employed,36193,Yes,48321,360,26,37840,31720,400
275,57,F,Widowed,0,Retired,50109,Yes,7452,353,27,42399,10972,800
276,56,M,Divorced,3,Unemployed,39233,Yes,41486,837,6,44013,34351,800
277,35,M,Married,0,Unemployed,133557,Yes,14859,364,14,32069,46487,300
278,57,F,Divorced,1,Retired,101730,Yes,27236,470,25,14706,37145,700
279,18,M,Widowed,4,Self-Employed,148133,Yes,31899,572,11,38231,23412,300
280,28,M,Single,4,Unemployed,54510,No,32083,834,8,27909,25078,300
281,45,M,Single,4,Unemployed,21306,Yes,2172,690,8,40218,23580,500
282,42,F,Widowed,3,Retired,23849,No,45926,626,1,11095,15855,600
283,67,F,Single,2,Unemployed,32360,No,16663,407,21,20343,37169,700
284,40,M,Married,2,Self-Employed,131072,No,27540,461,7,26469,47404,600
285,48,F,Widowed,0,Retired,142207,Yes,19053,751,6,1313,20569,300
286,47,M,Divorced,3,Self-Employed,114767,Yes,11085,505,21,7847,49506,300
287,59,M,Widowed,4,Unemployed,65800,No,30564,315,8,9166,26738,300
288,52,M,Married,4,Unemployed,148442,Yes,24209,626,19,9930,7772,500
289,24,M,Married,1,Self-Employed,56963,No,3981,301,22,3285,25874,400
290,33,F,Widowed,1,Employed,74330,Yes,21153,309,21,35863,20731,500
291,43,F,Widowed,4,Unemployed,71707,Yes,5247,733,24,16704,11131,600
292,65,F,Single,4,Employed,38689,No,10553,424,20,18705,1788,600
293,69,M,Married,3,Unemployed,49084,No,20811,380,8,555,17184,700
294,66,M,Widowed,2,Employed,60387,No,29845,784,26,21323,31897,300
295,19,M,Widowed,1,Employed,94816,Yes,6135,449,14,5432,3889,600
296,18,F,Married,2,Employed,22642,No,5573,639,18,1386,10569,400
297,65,M,Widowed,3,Self-Employed,62137,Yes,13731,428,25,44007,22657,300
298,29,F,Single,4,Employed,99832,Yes,7189,737,29,10619,11141,700
299,22,F,Married,2,Employed,75561,Yes,14541,800,16,6854,20656,800
300,54,F,Single,4,Employed,82260,No,43646,357,9,42964,22618,600
301,49,F,Single,4,Unemployed,35438,No,11087,497,15,48801,12934,400
302,26,F,Single,0,Employed,68442,No,46435,510,26,7637,43537,500
303,58,F,Single,2,Unemployed,123061,Yes,2776,344,10,21225,24286,300
304,52,M,Married,2,Employed,22994,Yes,42079,396,29,45730,8612,500
305,36,M,Single,4,Employed,143439,No,27564,578,22,26739,33069,400
306,65,F,Single,3,Self-Employed,145844,Yes,28835,834,16,47708,17205,500
307,33,F,Widowed,0,Unemployed,133530,Yes,7697,709,4,10618,28331,600
308,20,M,Married,4,Employed,119575,No,14629,760,20,36561,14934,700
309,37,F,Married,1,Unemployed,21813,No,8386,690,13,7373,11095,400
310,41,F,Divorced,1,Unemployed,113027,No,17046,343,22,35281,26958,500
311,50,M,Married,0,Retired,143489,Yes,8044,326,5,20187,38008,400
312,41,F,Married,3,Self-Employed,104381,Yes,9615,396,22,2327,19706,400
313,69,F,Divorced,4,Self-Employed,138808,Yes,47802,847,7,32391,44516,400
314,28,F,Married,2,Self-Employed,75276,Yes,5060,518,23,41577,39066,700
315,66,M,Married,0,Retired,61243,Yes,10900,484,9,18549,32472,300
316,25,M,Married,3,Retired,82912,No,5581,368,8,39220,35629,700
317,53,M,Married,2,Self-Employed,80272,Yes,34782,429,29,7642,47910,800
318,55,F,Divorced,1,Retired,122700,Yes,20173,633,16,14435,24004,300
319,57,F,Married,1,Retired,62051,Yes,12997,453,6,33760,21431,800
320,37,M,Married,2,Retired,98854,No,43403,846,28,38192,41088,300
321,52,F,Divorced,0,Self-Employed,102736,No,46416,378,16,4381,45135,500
322,65,F,Widowed,1,Self-Employed,141992,No,7148,712,6,31047,39015,600
323,42,F,Single,4,Self-Employed,142019,Yes,18748,845,14,19558,35502,700
324,52,F,Widowed,2,Retired,85618,No,14022,468,21,30782,32385,300
325,42,F,Divorced,2,Self-Employed,21920,No,20013,814,1,4782,5663,800
326,46,M,Single,1,Retired,126121,No,38687,613,25,25881,39677,500
327,35,F,Divorced,0,Employed,97219,Yes,15886,331,9,40228,13818,800
328,63,M,Divorced,4,Retired,96872,No,25256,586,25,29409,23686,500
329,35,F,Married,0,Unemployed,101132,Yes,30005,342,27,19462,24977,600
330,19,M,Single,3,Self-Employed,22093,Yes,6638,300,24,2983,41931,600
331,52,F,Married,3,Self-Employed,32905,No,37419,569,13,31933,19454,600
332,33,M,Single,1,Unemployed,141759,Yes,33377,479,26,46950,14358,400
333,58,F,Divorced,1,Retired,44351,No,40708,817,29,2523,7668,300
334,53,M,Divorced,1,Employed,50981,Yes,43116,402,19,9677,46784,500
335,50,F,Widowed,3,Unemployed,93903,No,36634,309,17,10292,41769,500
336,21,M,Single,0,Unemployed,90821,No,16755,389,11,15089,10921,500
337,50,F,Married,0,Retired,129200,No,23382,525,28,4581,35959,600
338,31,M,Widowed,1,Self-Employed,123241,Yes,49767,425,28,11907,33328,400
339,38,M,Widowed,4,Retired,102289,No,22394,508,8,5609,9859,500
340,65,F,Widowed,0,Unemployed,136506,Yes,2253,396,23,44143,24970,300
341,37,F,Married,3,Unemployed,104021,No,37710,373,29,22936,9872,300
342,25,M,Widowed,2,Self-Employed,98513,Yes,45098,490,5,42725,20230,500
343,24,F,Married,2,Self-Employed,39874,Yes,864,355,10,45723,27708,400
344,20,M,Widowed,2,Self-Employed,70931,No,34036,331,7,33988,19847,300
345,34,M,Married,4,Retired,27674,No,40222,826,10,29506,28105,400
346,50,M,Divorced,1,Self-Employed,70516,No,13666,583,4,13163,5922,400
347,65,F,Divorced,3,Unemployed,141982,No,20955,793,9,46057,5392,400
348,29,M,Divorced,4,Unemployed,148408,No,45138,486,27,12537,14541,500
349,68,M,Divorced,3,Employed,114574,Yes,37997,797,26,22419,20551,600
350,39,F,Divorced,3,Retired,80686,No,16309,741,14,42578,20381,300
351,39,F,Widowed,1,Employed,114851,No,4054,429,2,9455,48783,600
352,63,F,Widowed,2,Unemployed,89212,Yes,935,591,25,9063,36995,400
353,47,F,Widowed,1,Employed,22426,No,44940,413,9,834,23948,500
354,55,M,Married,4,Unemployed,142952,No,22778,498,21,32214,27728,500
355,55,M,Married,4,Employed,110009,Yes,43298,312,27,27398,3024,300
356,62,M,Married,4,Self-Employed,88498,No,48328,570,1,34492,17713,500
357,68,M,Married,1,Employed,49943,No,48924,514,23,2413,3486,300
358,25,F,Divorced,3,Self-Employed,86395,No,16709,743,10,9505,2155,700
359,44,M,Divorced,3,Self-Employed,64816,Yes,9726,811,10,37266,11082,700
360,44,M,Divorced,0,Retired,24138,No,40542,746,20,2105,38245,300
361,51,F,Single,4,Self-Employed,120728,Yes,20245,373,25,2568,19569,500
362,38,M,Widowed,3,Self-Employed,111176,No,34753,836,22,42098,8086,300
363,47,M,Married,0,Employed,95945,Yes,14252,400,29,49361,3317,400
364,50,M,Married,3,Unemployed,24017,No,21316,475,3,37679,37389,500
365,45,M,Divorced,4,Retired,30451,Yes,37371,726,6,49385,5491,600
366,64,M,Married,2,Self-Employed,82956,Yes,19162,416,29,33560,16916,300
367,50,M,Married,4,Retired,113863,Yes,15960,465,26,14195,16248,700
368,22,F,Widowed,1,Employed,30278,Yes,30791,340,6,46669,3511,300
369,65,F,Divorced,3,Self-Employed,110480,Yes,42230,728,21,15762,25226,300
370,36,M,Widowed,3,Employed,63764,Yes,25216,643,2,41294,26025,300
371,21,M,Single,1,Retired,143030,No,32467,723,26,15898,43314,400
372,52,F,Single,1,Employed,21134,No,46934,665,26,21577,49380,300
373,66,M,Single,2,Retired,82943,Yes,7754,419,18,1214,8848,300
374,34,M,Divorced,3,Employed,115667,Yes,47014,528,23,20803,15274,600
375,61,M,Married,3,Retired,74318,Yes,4078,429,2,48114,31958,600
376,45,F,Divorced,2,Unemployed,123423,Yes,12853,651,12,23698,36233,700
377,47,M,Divorced,0,Employed,123998,No,4042,617,22,32980,17304,300
378,46,F,Married,2,Employed,80128,Yes,49052,636,5,1658,49437,400
379,63,M,Widowed,4,Unemployed,108056,No,14389,572,20,12270,12294,400
380,23,F,Single,3,Unemployed,41869,No,30425,416,7,46797,27425,400
381,52,F,Widowed,1,Employed,122468,Yes,2575,667,24,37792,4175,800
382,58,M,Single,4,Unemployed,137034,Yes,39522,393,16,45807,41617,300
383,54,F,Divorced,3,Self-Employed,25039,No,28179,467,20,22301,46241,600
384,41,M,Single,2,Retired,41281,No,34754,640,1,5141,28775,400
385,46,F,Divorced,4,Retired,132935,Yes,18624,451,1,38756,10425,300
386,66,M,Widowed,3,Retired,30442,Yes,20350,573,17,13777,27013,600
387,63,M,Divorced,0,Self-Employed,93788,Yes,26681,795,27,38346,28928,600
388,48,F,Widowed,0,Unemployed,139729,No,23988,400,1,29441,45990,600
389,52,M,Married,1,Unemployed,47586,No,15470,381,21,47819,42212,300
390,50,M,Married,3,Employed,73053,Yes,24704,828,20,28469,9210,500
391,69,F,Married,0,Unemployed,70489,No,38736,372,13,3845,3759,400
392,38,M,Divorced,2,Employed,103104,No,29377,313,9,44650,17091,700
393,49,M,Married,3,Self-Employed,106346,Yes,28572,732,15,23290,1002,400
394,40,F,Single,2,Retired,87087,Yes,7493,456,3,47015,41958,400
395,50,F,Widowed,2,Retired,32625,No,4103,431,14,30699,31160,700
396,20,M,Widowed,0,Retired,54397,No,34844,637,23,44252,21707,400
397,35,M,Single,3,Unemployed,78671,Yes,2994,703,11,33146,16248,400
398,42,F,Divorced,4,Employed,136214,Yes,3744,675,24,3293,6773,300
399,59,F,Divorced,0,Employed,111785,Yes,47234,406,22,44398,13786,600
400,48,M,Widowed,0,Self-Employed,86897,Yes,47291,564,12,46428,16037,300
401,20,F,Married,3,Unemployed,46149,Yes,27332,504,13,16608,2885,300
402,57,M,Divorced,3,Self-Employed,80030,No,5594,378,26,737,40828,500
403,63,M,Divorced,2,Employed,89906,No,40299,454,13,16619,17331,300
404,41,M,Single,3,Employed,25283,No,7371,546,1,12470,41612,400
405,67,M,Single,2,Retired,27610,No,47315,830,24,49863,23495,600
406,49,M,Married,0,Unemployed,63326,Yes,18028,837,10,22372,14450,300
407,64,F,Divorced,1,Employed,34924,Yes,35912,453,3,16117,10491,300
408,39,F,Divorced,4,Retired,133143,Yes,13990,453,24,14779,10268,800
409,40,F,Single,0,Unemployed,130253,No,46851,391,28,29294,28757,500
410,19,F,Divorced,3,Self-Employed,96162,No,16626,732,4,21630,42907,400
411,44,M,Widowed,4,Unemployed,120297,No,20469,637,16,40039,7791,500
412,59,M,Single,1,Unemployed,20869,Yes,40722,779,8,49900,40939,400
413,19,M,Married,1,Employed,117088,No,40037,430,16,12178,29314,500
414,43,M,Single,2,Employed,21014,Yes,7130,749,27,19935,29583,600
415,34,F,Divorced,4,Unemployed,30103,Yes,6828,572,17,47258,22550,400
416,57,M,Married,2,Employed,102522,Yes,41612,476,19,22784,1093,400
417,50,M,Single,0,Employed,130317,Yes,46988,348,22,23027,36755,300
418,26,F,Widowed,4,Employed,116007,Yes,39099,654,15,31008,46615,300
419,60,F,Widowed,0,Retired,53458,Yes,46165,607,16,46631,10967,600
420,65,F,Single,2,Retired,110605,No,17883,345,15,1823,17218,300
421,56,F,Widowed,4,Unemployed,102409,Yes,43059,601,25,6852,44220,300
422,46,M,Widowed,2,Employed,43248,Yes,18542,707,2,13072,9627,300
423,59,M,Widowed,4,Retired,109160,No,42932,488,11,11133,5947,700
424,43,F,Married,2,Unemployed,63516,Yes,10450,428,1,15111,40419,800
425,52,M,Widowed,1,Employed,49061,No,20423,836,15,32312,24178,300
426,67,M,Widowed,2,Self-Employed,44170,No,2035,565,26,24161,29876,600
427,42,M,Widowed,1,Employed,28024,No,44231,417,19,39287,23908,400
428,41,F,Married,2,Employed,102214,Yes,40745,763,4,1777,36912,500
429,30,M,Single,4,Retired,123792,Yes,17241,443,11,24014,20971,400
430,24,F,Divorced,4,Unemployed,105947,No,23154,741,5,14772,33584,500
431,53,M,Widowed,4,Unemployed,63803,Yes,25625,499,3,46389,9959,500
432,62,M,Single,3,Retired,39296,Yes,44950,456,13,44627,29261,600
433,37,M,Widowed,0,Employed,111829,No,33066,786,10,18161,42065,400
434,18,F,Married,4,Self-Employed,112708,No,33691,433,11,42264,40462,700
435,25,M,Single,1,Employed,106664,Yes,13331,447,18,7490,16835,300
436,63,F,Married,4,Employed,38257,No,20690,635,2,41661,20257,500
437,33,F,Widowed,3,Self-Employed,32855,No,19183,370,7,24502,4346,800
438,31,F,Widowed,1,Retired,105178,No,39346,532,9,35757,31807,800
439,29,M,Married,3,Unemployed,149876,Yes,4875,633,10,41111,31418,300
440,68,M,Divorced,1,Retired,121121,Yes,12254,389,18,32737,12340,700
441,40,M,Married,2,Retired,143324,Yes,28621,633,23,17709,34012,300
442,32,M,Widowed,0,Employed,40025,No,10905,498,7,44682,36393,700
443,45,F,Married,0,Unemployed,24458,Yes,46121,460,27,8998,37617,400
444,51,F,Divorced,3,Unemployed,83610,No,15882,837,7,28906,10597,800
445,19,F,Married,0,Retired,90843,Yes,19041,420,3,35490,26557,600
446,49,M,Divorced,3,Self-Employed,127237,Yes,29098,600,12,4656,8737,400
447,40,F,Divorced,3,Retired,103961,No,42431,735,7,36901,47792,300
448,39,M,Married,3,Self-Employed,69831,Yes,33709,367,17,25735,45768,700
449,68,F,Married,0,Unemployed,63427,No,34675,758,26,29092,42101,300
450,42,M,Single,3,Retired,113809,Yes,4837,813,1,1242,18276,300
451,39,M,Widowed,0,Employed,58506,Yes,46448,697,5,41307,8310,300
452,39,F,Divorced,3,Retired,25668,No,24489,585,16,1831,36167,400
453,66,F,Single,4,Unemployed,111470,No,17627,439,15,28511,38408,800
454,69,F,Married,3,Employed,67195,No,5696,581,2,7246,20344,400
455,59,F,Widowed,1,Employed,93233,Yes,48994,756,9,31467,11391,600
456,23,M,Single,3,Self-Employed,44417,Yes,13543,386,7,18302,11892,500
457,32,F,Divorced,2,Employed,101982,Yes,12615,378,4,3232,12197,300
458,60,F,Single,3,Employed,126133,No,1466,504,20,36526,14050,400
459,54,F,Divorced,1,Retired,30751,No,30771,636,18,38765,37142,800
460,50,M,Married,1,Unemployed,66218,No,18350,553,21,10972,46679,400
461,25,M,Widowed,0,Self-Employed,146649,Yes,375,603,4,48136,42615,800
462,61,F,Widowed,4,Retired,27352,Yes,33030,679,28,34592,48553,700
463,61,M,Widowed,3,Employed,99052,No,20746,429,13,10683,44728,600
464,22,F,Married,0,Employed,108835,Yes,22886,575,1,23664,14535,300
465,56,M,Divorced,4,Self-Employed,117493,No,44348,482,28,36828,42002,800
466,21,M,Married,3,Unemployed,48927,Yes,42904,567,24,33172,44271,400
467,23,M,Widowed,2,Self-Employed,61094,Yes,32651,621,3,18105,6122,300
468,62,M,Married,3,Retired,121948,No,7833,811,16,21700,10852,400
469,49,F,Married,1,Self-Employed,74122,Yes,1893,377,22,11017,6387,800
470,69,F,Married,1,Employed,49493,Yes,30573,638,4,36613,32759,300
471,47,F,Divorced,2,Retired,112247,No,31371,808,25,20594,41399,400
472,64,M,Single,0,Employed,93539,No,40874,537,23,11384,40994,300
473,52,F,Single,4,Unemployed,51707,Yes,11826,433,25,30348,38876,400
474,57,F,Married,3,Employed,88814,No,34420,491,16,16448,35878,300
475,69,F,Single,1,Employed,27296,Yes,21924,655,26,9491,34725,800
476,33,M,Single,0,Self-Employed,45398,No,33367,577,19,13112,8146,500
477,30,M,Married,2,Employed,55842,Yes,21199,317,1,31021,1560,300
478,67,M,Married,1,Retired,33261,Yes,25868,823,5,44553,2312,500
479,59,F,Widowed,2,Retired,96709,No,8792,479,19,968,19205,300
480,47,F,Single,3,Unemployed,115985,Yes,20597,422,22,368,12595,700
481,36,F,Divorced,4,Retired,126616,Yes,36405,545,24,8424,23030,300
482,34,M,Married,1,Self-Employed,76704,No,32696,672,11,35010,22329,700
483,36,M,Widowed,1,Unemployed,87173,No,43123,350,13,35851,39142,300
484,45,F,Divorced,3,Retired,51781,Yes,15989,370,20,25496,3651,600
485,43,M,Single,0,Self-Employed,33652,No,28931,779,5,30936,11006,300
486,54,M,Widowed,4,Retired,25103,No,9290,318,21,13322,43701,300
487,43,M,Married,1,Retired,45500,Yes,38367,383,4,1469,49940,600
488,40,M,Divorced,4,Employed,135332,Yes,14342,454,4,37493,36645,600
489,26,F,Married,1,Retired,120336,No,24941,656,4,4259,22966,700
490,29,M,Single,4,Retired,55529,No,13945,742,4,36390,28846,800
491,18,M,Divorced,2,Self-Employed,133499,No,10762,368,20,10292,22774,800
492,18,M,Single,1,Self-Employed,38452,Yes,30133,822,21,26841,5083,400
493,64,M,Single,4,Employed,69393,Yes,47080,442,18,28365,34513,400
494,51,F,Widowed,0,Retired,51174,Yes,40150,491,18,17207,9749,300
495,49,F,Married,2,Employed,84450,Yes,27052,686,16,36199,31783,500
496,65,M,Divorced,2,Retired,55436,Yes,41750,677,9,22912,18325,600
497,42,M,Single,0,Unemployed,67406,Yes,19953,834,18,36919,19680,300
498,57,M,Single,4,Unemployed,83059,Yes,40475,592,22,36981,18323,400
499,62,M,Divorced,3,Employed,35954,No,17130,308,2,15235,23684,500
500,18,M,Single,0,Employed,102722,No,31086,570,21,41757,35493,400
501,33,M,Widowed,4,Employed,139747,Yes,4633,686,4,33547,13213,300
502,56,F,Widowed,0,Self-Employed,32356,Yes,17304,392,12,48119,32831,400
503,22,M,Widowed,0,Self-Employed,148128,Yes,42037,828,7,43810,43296,600
504,39,F,Widowed,1,Self-Employed,118499,No,32284,453,15,19276,47930,600
505,46,F,Single,4,Employed,22187,Yes,46546,704,7,31923,28713,400
506,20,M,Divorced,3,Retired,97243,No,7008,448,29,5534,42621,600
507,29,F,Divorced,1,Unemployed,55098,No,48291,566,22,26469,8187,700
508,43,F,Divorced,0,Employed,112471,No,27405,721,26,36074,33800,700
509,33,F,Divorced,0,Self-Employed,41225,No,36386,771,21,35670,33583,300
510,68,F,Married,0,Self-Employed,23606,No,25373,846,17,32563,48661,600
511,54,F,Divorced,4,Employed,148664,Yes,20827,825,16,46159,15408,600
512,39,F,Married,4,Employed,77620,Yes,33040,802,28,36486,23369,400
513,46,M,Married,1,Self-Employed,52828,No,13007,313,19,21,48928,500
514,31,F,Widowed,3,Retired,146270,Yes,18157,663,9,34268,4414,700
515,45,F,Married,1,Self-Employed,46489,No,32157,418,14,41802,20510,400
516,22,F,Single,2,Self-Employed,34387,No,35315,537,17,15799,13120,500
517,64,M,Married,0,Employed,89463,Yes,35932,845,5,26336,35311,300
518,66,F,Widowed,0,Retired,91832,Yes,21164,468,2,3641,34039,300
519,47,M,Married,0,Self-Employed,115980,Yes,14414,821,20,21596,6295,400
520,63,F,Single,1,Self-Employed,131926,Yes,14327,815,16,32959,21460,300
521,69,M,Single,1,Unemployed,132429,Yes,48344,696,14,13306,15963,400
522,22,M,Single,0,Employed,22591,No,946,405,14,46182,12580,700
523,29,F,Widowed,1,Unemployed,143446,Yes,14693,384,27,8587,23286,500
524,33,F,Widowed,4,Unemployed,130431,Yes,27241,513,1,31359,28328,300
525,43,M,Divorced,4,Self-Employed,68516,Yes,49658,420,3,21498,20093,500
526,43,F,Widowed,1,Employed,111683,No,30254,431,26,4662,22605,300
527,65,M,Single,0,Retired,82061,Yes,15540,496,7,37094,46365,700
528,38,M,Single,1,Self-Employed,124425,No,6719,318,26,41833,45813,400
529,56,M,Widowed,1,Retired,86736,Yes,41203,311,15,27197,47371,400
530,53,M,Married,1,Retired,101257,Yes,25081,380,19,20719,43705,300
531,50,M,Widowed,2,Employed,81753,No,11350,629,20,24665,48598,400
532,47,F,Widowed,4,Unemployed,104774,Yes,36358,691,2,43239,7722,300
533,54,M,Single,3,Employed,31087,Yes,32021,606,19,25032,41969,500
534,40,M,Divorced,3,Retired,50816,No,42832,566,9,12641,37912,400
535,27,F,Single,2,Self-Employed,43408,Yes,28369,746,19,41964,39374,300
536,22,M,Divorced,1,Retired,144116,No,31728,740,27,30028,7766,800
537,53,F,Single,2,Self-Employed,125276,No,17576,301,5,45494,16928,300
538,51,F,Widowed,2,Self-Employed,20136,No,29001,819,18,15651,22274,500
539,69,F,Single,0,Employed,37413,No,17848,608,16,8536,35416,700
540,48,M,Single,4,Retired,133650,No,390,821,4,45712,21612,400
541,27,M,Single,3,Unemployed,79500,Yes,21999,768,12,6273,35898,400
542,36,M,Widowed,1,Retired,104514,Yes,45436,511,29,6284,48160,700
543,49,F,Widowed,3,Retired,76358,Yes,11569,411,7,25692,30047,300
544,18,M,Widowed,3,Unemployed,86197,No,13029,307,14,8817,44356,600
545,22,F,Widowed,4,Employed,120776,No,22490,776,23,28955,38134,400
546,62,M,Divorced,3,Retired,112789,No,45875,759,12,26555,2506,300
547,21,F,Divorced,3,Retired,112420,No,35328,552,3,20378,16222,300
548,33,M,Married,2,Self-Employed,52854,Yes,5867,825,5,41182,13363,700
549,41,M,Widowed,4,Retired,96240,Yes,15284,737,17,17127,20613,800
550,33,M,Divorced,0,Unemployed,124523,No,33979,535,26,49614,45563,800
551,19,F,Single,1,Self-Employed,149494,No,9121,605,10,17952,31628,300
552,66,F,Widowed,3,Employed,110063,Yes,1539,777,10,11539,43626,300
553,45,M,Married,1,Self-Employed,36322,No,25488,319,11,46761,46384,700
554,49,M,Married,0,Unemployed,133053,No,17027,515,17,46219,5136,800
555,44,F,Married,1,Unemployed,26968,No,8693,434,5,14692,47246,400
556,37,F,Single,0,Self-Employed,47518,Yes,8921,428,13,18120,12161,800
557,41,F,Divorced,2,Employed,71925,Yes,10310,709,10,13334,36457,500
558,29,M,Single,3,Self-Employed,79848,No,45512,721,9,28615,24574,600
559,67,F,Widowed,0,Employed,131900,Yes,30908,593,17,7903,27902,600
560,52,M,Married,1,Self-Employed,113422,No,4386,545,1,28527,3810,700
561,50,F,Single,3,Unemployed,21700,No,32263,385,4,15629,12663,400
562,50,M,Single,2,Retired,113782,Yes,28412,674,4,17740,7152,400
563,68,F,Divorced,3,Retired,121004,No,17303,745,18,33782,1012,300
564,60,F,Divorced,0,Employed,43199,No,12242,677,9,26708,12162,600
565,54,F,Married,2,Employed,64589,Yes,47025,689,25,10860,23322,800
566,29,F,Single,1,Employed,52115,No,8947,350,29,17438,8999,500
567,20,F,Single,2,Unemployed,81934,No,46714,541,29,1764,8219,500
568,18,M,Divorced,2,Self-Employed,136335,No,5930,593,18,6009,6328,400
569,50,F,Single,4,Unemployed,140726,Yes,38170,565,14,20842,4621,700
570,57,F,Single,2,Retired,74316,No,48785,419,25,42372,25256,400
571,27,F,Single,2,Employed,25520,Yes,507,547,15,48780,45433,600
572,60,M,Divorced,3,Self-Employed,129814,No,1436,369,6,33435,12314,300
573,61,F,Married,1,Retired,56455,No,27151,356,24,3370,1652,300
574,46,M,Widowed,3,Retired,135284,No,11618,681,10,38744,17182,300
575,30,F,Married,3,Retired,106465,No,8750,338,29,20454,42580,300
576,29,F,Widowed,0,Unemployed,143364,Yes,16122,742,15,41381,37558,500
577,48,M,Single,3,Employed,61605,Yes,7354,317,29,38367,16659,300
578,63,F,Married,4,Retired,34955,No,44062,651,4,3650,35413,500
579,19,M,Widowed,4,Employed,64049,No,30979,597,18,45117,11435,400
580,68,M,Divorced,0,Unemployed,33917,No,20900,582,18,25708,29067,300
581,67,F,Divorced,1,Retired,90293,No,13840,409,25,42662,23258,600
582,52,M,Married,1,Unemployed,98581,No,37167,479,17,3190,29287,300
583,40,F,Married,3,Unemployed,139072,No,5037,843,12,48113,4688,600
584,34,F,Single,3,Employed,84925,No,28633,324,7,8789,8689,300
585,43,M,Married,3,Retired,127216,No,24495,356,16,32125,2379,300
586,25,M,Single,1,Unemployed,90269,Yes,15848,479,11,33159,38011,600
587,46,M,Single,2,Retired,50954,Yes,36483,531,14,17459,44005,600
588,43,M,Divorced,4,Employed,116671,Yes,47645,642,3,35418,28624,400
589,27,F,Divorced,2,Unemployed,92617,No,7837,776,19,46368,26964,500
590,43,F,Widowed,2,Employed,61458,No,34069,754,18,47085,23891,500
591,51,M,Divorced,1,Retired,109037,No,7370,531,10,18768,39379,600
592,68,F,Divorced,2,Retired,41113,Yes,6411,588,6,49961,13516,400
593,58,F,Married,0,Employed,119977,No,39133,512,13,15563,14886,500
594,24,F,Divorced,3,Self-Employed,132622,Yes,30499,557,10,27885,21307,300
595,21,F,Widowed,0,Unemployed,145947,No,30225,829,18,21885,25843,800
596,67,M,Married,4,Retired,110226,Yes,48217,528,26,6895,47484,300
597,62,M,Widowed,3,Retired,63939,Yes,692,525,20,23958,6912,600
598,28,F,Divorced,2,Unemployed,49345,Yes,28926,734,26,1531,22514,400
599,46,M,Widowed,4,Employed,144616,No,34246,701,16,5481,22823,800
600,53,M,Married,3,Employed,66313,Yes,39164,387,25,23932,29797,600
601,42,M,Single,2,Employed,130107,No,8448,841,25,21360,7449,500
602,38,F,Widowed,0,Self-Employed,141866,No,43390,608,6,43642,2725,600
603,53,F,Widowed,3,Self-Employed,112365,No,49593,642,13,24829,16870,700
604,27,F,Married,2,Retired,120598,No,10073,735,4,19932,10304,600
605,54,M,Married,0,Employed,89166,No,35414,476,23,38931,8522,400
606,26,F,Widowed,4,Unemployed,67861,Yes,5209,438,14,38032,14663,300
607,41,F,Divorced,4,Retired,117406,No,6533,493,1,15890,5784,400
608,52,M,Widowed,4,Unemployed,69298,No,21061,485,28,18807,10472,500
609,66,F,Married,4,Retired,67221,No,7211,517,20,11767,29952,300
610,52,F,Single,1,Self-Employed,64942,No,9927,463,5,8071,11055,800
611,65,M,Single,3,Retired,23453,No,11927,460,8,26149,30508,500
612,53,M,Divorced,3,Self-Employed,122811,Yes,24594,824,12,15540,13676,400
613,35,M,Widowed,1,Retired,74935,Yes,9316,341,2,35676,26192,500
614,66,F,Single,2,Employed,142439,No,12177,509,12,4712,25722,300
615,56,F,Widowed,2,Unemployed,63370,Yes,10846,574,5,26201,8446,500
616,49,F,Married,4,Employed,123932,Yes,7933,578,22,44958,5725,500
617,41,M,Single,0,Retired,28328,No,38244,550,5,19899,21061,400
618,40,M,Divorced,2,Retired,35534,Yes,46621,609,13,19787,48537,400
619,49,F,Married,0,Retired,105280,No,40696,439,9,20982,23671,800
620,54,F,Divorced,3,Self-Employed,104925,Yes,2080,845,10,22606,2409,600
621,29,M,Married,0,Unemployed,56320,Yes,6089,829,1,10150,9205,800
622,66,M,Single,3,Unemployed,69170,Yes,26123,356,3,20393,17365,300
623,30,M,Divorced,1,Retired,120546,No,7797,411,18,37259,1256,300
624,40,M,Divorced,1,Retired,100201,Yes,8346,304,12,46687,16704,800
625,42,F,Married,4,Self-Employed,148935,Yes,19878,709,29,46936,30902,400
626,52,M,Divorced,2,Employed,141006,No,33672,713,3,27750,36758,300
627,58,F,Married,4,Employed,123401,No,17653,481,26,8593,2195,800
628,47,F,Married,3,Unemployed,28640,Yes,49556,312,25,17358,35012,300
629,34,F,Married,4,Self-Employed,120252,No,42742,638,29,16607,12415,600
630,66,M,Married,0,Retired,111057,Yes,26140,558,9,37381,40534,700
631,37,M,Single,3,Unemployed,50049,Yes,1184,389,26,24811,22686,400
632,65,M,Married,1,Self-Employed,25618,No,34493,549,2,28074,12662,300
633,42,M,Widowed,2,Employed,122540,No,44148,554,3,20595,49978,300
634,39,F,Divorced,3,Self-Employed,76053,No,24846,407,14,44194,29743,500
635,30,M,Widowed,3,Employed,21920,Yes,45825,784,4,49377,33161,600
636,36,M,Single,0,Self-Employed,63937,No,22195,557,25,26853,44081,800
637,66,F,Widowed,2,Unemployed,89724,Yes,5606,581,19,8183,3402,800
638,53,M,Divorced,1,Employed,32207,No,3956,387,13,20661,14275,300
639,29,F,Widowed,3,Unemployed,85774,Yes,16555,503,7,41169,29182,300
640,58,F,Single,3,Unemployed,52972,No,24849,315,12,36495,15915,400
641,36,F,Married,0,Employed,30799,Yes,18690,450,3,13703,1909,500
642,29,F,Widowed,4,Employed,91088,No,48849,553,23,30815,49574,300
643,26,F,Single,1,Retired,48916,Yes,26347,487,23,29565,1372,800
644,24,F,Single,2,Retired,90463,No,33189,628,9,22942,23620,800
645,45,F,Divorced,3,Retired,113500,No,38308,843,2,42986,35112,600
646,31,F,Divorced,3,Unemployed,96700,Yes,25785,696,29,33161,9515,500
647,48,M,Widowed,1,Unemployed,57158,No,49056,816,22,48760,3431,500
648,69,M,Married,4,Retired,104607,Yes,32698,758,9,41803,22054,300
649,36,M,Single,3,Unemployed,139639,Yes,15966,629,12,9716,33624,300
650,64,M,Widowed,1,Unemployed,133945,No,31097,468,12,41563,11585,500
651,33,F,Single,0,Employed,91696,Yes,15882,665,15,33349,49230,500
652,22,M,Single,4,Employed,81510,No,4675,477,2,47098,32958,300
653,52,F,Married,2,Unemployed,140076,No,41850,661,18,42899,2695,400
654,29,M,Married,3,Retired,78692,Yes,13009,339,13,132,35675,300
655,42,M,Widowed,1,Self-Employed,81744,No,27843,715,14,47752,34787,300
656,69,M,Married,0,Retired,35810,Yes,29793,654,5,3385,45225,700
657,38,F,Married,2,Self-Employed,25126,Yes,39516,554,26,36538,2403,500
658,53,M,Widowed,1,Retired,50009,No,38871,442,10,35036,18810,600
659,40,F,Married,1,Employed,119120,No,17857,310,12,33743,9855,600
660,33,F,Divorced,2,Unemployed,131718,Yes,19627,325,10,40373,39636,600
661,56,M,Single,0,Unemployed,110932,Yes,18565,720,24,7213,11839,300
662,62,M,Single,0,Employed,20192,No,26025,520,11,44223,1010,300
663,59,M,Single,4,Self-Employed,136464,No,27832,795,25,26119,40098,700
664,56,F,Single,3,Self-Employed,56413,No,44116,536,2,2835,48829,500
665,31,M,Widowed,2,Self-Employed,32816,No,9782,536,5,2738,10230,800
666,48,F,Single,2,Employed,59082,Yes,38650,518,7,42317,41232,300
667,22,F,Single,2,Self-Employed,85048,No,22366,786,6,4134,48514,700
668,52,M,Single,0,Employed,143130,Yes,28557,760,22,25892,36771,400
669,40,M,Single,3,Retired,70940,Yes,5798,443,23,39601,30256,300
670,46,F,Divorced,4,Retired,52130,No,9627,488,3,8353,26651,300
671,60,F,Single,1,Employed,60142,Yes,41183,554,13,15690,33383,300
672,28,F,Divorced,1,Unemployed,149564,No,12466,367,3,1909,40963,300
673,35,M,Widowed,2,Retired,56468,Yes,42614,635,26,25703,14662,700
674,64,F,Married,3,Self-Employed,50698,No,12720,708,25,14496,14739,800
675,29,M,Single,0,Employed,30655,Yes,41913,599,24,12062,49356,400
676,26,F,Married,3,Self-Employed,67897,Yes,37292,656,21,9850,2789,700
677,27,F,Married,3,Self-Employed,50075,No,6559,555,6,27701,20420,500
678,61,M,Widowed,0,Unemployed,29359,No,40388,652,11,34731,24761,500
679,34,F,Married,2,Self-Employed,149048,Yes,19158,820,28,5153,41366,300
680,55,M,Divorced,3,Unemployed,122197,Yes,30916,823,26,10481,38606,800
681,24,M,Married,1,Retired,125115,No,22057,583,17,33734,39640,500
682,63,F,Married,0,Employed,62056,Yes,35892,611,10,889,45135,500
683,30,M,Married,4,Self-Employed,71831,No,41439,398,12,19445,38067,300
684,57,M,Single,2,Employed,79191,Yes,11706,496,17,6461,18357,400
685,59,F,Single,0,Self-Employed,138592,No,12070,781,4,38934,40851,600
686,26,M,Divorced,4,Employed,141948,Yes,40902,525,2,28205,39262,300
687,67,M,Divorced,4,Self-Employed,53272,No,924,664,11,23351,12317,800
688,44,M,Single,3,Self-Employed,128117,No,26478,667,7,16006,22534,700
689,19,F,Divorced,3,Self-Employed,34671,Yes,5506,374,2,44149,26734,300
690,22,M,Single,3,Self-Employed,47048,No,46418,341,26,49112,36897,300
691,46,F,Widowed,0,Self-Employed,96274,Yes,35163,721,18,10940,33872,500
692,54,F,Married,0,Self-Employed,45963,No,24604,480,21,11258,41201,400
693,55,M,Married,2,Self-Employed,63954,No,15310,844,4,24485,8689,500
694,36,M,Divorced,3,Self-Employed,92309,No,8226,370,8,23763,4567,300
695,25,M,Single,4,Self-Employed,122120,Yes,11781,404,20,40048,21732,600
696,65,F,Single,1,Employed,115430,No,5515,499,14,1067,21774,300
697,62,M,Divorced,2,Unemployed,20717,Yes,36133,400,12,20607,24195,700
698,18,M,Single,0,Self-Employed,31676,No,16972,606,22,43883,38412,500
699,39,M,Widowed,2,Unemployed,24434,Yes,32092,676,21,9018,48734,800
700,69,M,Married,2,Self-Employed,69810,Yes,11410,698,27,48521,45098,800
701,34,M,Divorced,2,Self-Employed,123361,Yes,19522,520,18,46946,23257,300
702,24,F,Divorced,2,Employed,138696,No,9095,481,11,15187,5394,600
703,42,F,Single,1,Retired,114636,Yes,23047,606,29,37375,37302,400
704,62,M,Divorced,3,Retired,24994,No,20470,821,28,3985,23228,400
705,21,M,Widowed,4,Employed,24234,Yes,43129,695,8,43052,13388,700
706,53,M,Single,2,Unemployed,89300,Yes,8531,303,2,19563,12319,700
707,23,M,Single,2,Retired,63949,Yes,37038,580,25,47322,7475,700
708,48,F,Single,2,Employed,57405,Yes,22403,514,15,37306,32555,500
709,36,M,Single,3,Employed,54872,No,42674,719,9,18608,19158,400
710,61,F,Widowed,0,Retired,62215,Yes,29122,400,19,39139,15728,700
711,56,F,Single,0,Unemployed,43185,Yes,16940,820,20,1726,45774,500
712,44,M,Divorced,1,Employed,63442,No,29831,608,8,26582,30545,700
713,27,F,Widowed,0,Self-Employed,143263,Yes,11279,809,25,5791,32100,500
714,43,F,Married,2,Unemployed,71759,Yes,38220,362,19,8458,17150,500
715,36,F,Married,2,Unemployed,61153,Yes,6477,525,5,17221,34214,400
716,56,F,Divorced,2,Retired,97535,Yes,17400,404,11,48506,33876,400
717,20,M,Divorced,1,Retired,122023,No,6470,724,15,20968,4239,500
718,62,M,Widowed,2,Self-Employed,22581,No,2062,554,8,17070,39699,600
719,30,F,Married,0,Employed,71717,Yes,41798,728,19,27937,37821,300
720,67,M,Married,3,Retired,22763,No,19880,733,23,49508,31615,300
721,45,M,Married,3,Retired,112910,No,34581,506,27,41831,14746,500
722,37,M,Married,4,Unemployed,75480,Yes,44439,327,8,42933,21921,300
723,45,M,Married,0,Retired,58759,No,14308,635,26,47307,23745,300
724,25,M,Single,2,Retired,96067,Yes,26027,368,27,48340,2245,300
725,58,F,Divorced,3,Retired,138094,No,30720,812,19,37415,47607,800
726,56,M,Single,0,Retired,45307,No,35081,466,18,42770,25853,300
727,18,M,Married,3,Unemployed,116371,No,9706,667,10,20802,28632,400
728,20,M,Widowed,2,Self-Employed,31064,Yes,9837,550,29,43601,13856,600
729,30,M,Widowed,3,Self-Employed,96848,No,38599,469,7,10420,6105,300
730,45,F,Married,4,Employed,57548,Yes,36824,389,28,6642,36690,700
731,66,F,Married,4,Retired,56945,Yes,33073,745,9,19775,3513,300
732,42,F,Widowed,3,Unemployed,67937,No,47115,593,1,28754,3801,300
733,50,F,Single,0,Employed,26476,Yes,32088,449,19,43310,33345,500
734,55,M,Single,0,Employed,71756,No,28112,431,5,4357,14895,800
735,23,F,Married,0,Self-Employed,110101,Yes,26299,732,19,21263,40749,600
736,61,M,Single,3,Unemployed,22382,Yes,34457,358,1,48367,9221,600
737,62,M,Widowed,0,Unemployed,69683,No,30063,498,15,13201,7038,800
738,49,M,Single,2,Unemployed,107999,No,3917,514,16,2739,33031,300
739,62,M,Married,4,Self-Employed,65276,No,2936,771,23,13231,16082,800
740,64,M,Widowed,2,Self-Employed,53402,No,36630,546,7,42278,15648,700
741,38,F,Single,0,Self-Employed,111881,Yes,14506,681,26,42495,1364,400
742,33,F,Divorced,2,Self-Employed,130300,Yes,28805,538,12,21168,35568,400
743,38,F,Widowed,0,Self-Employed,46946,Yes,14318,666,8,32624,15110,700
744,28,F,Widowed,3,Retired,99698,No,48068,467,5,10635,6958,400
745,54,M,Divorced,2,Retired,134690,Yes,26026,350,10,9964,10096,700
746,53,F,Divorced,3,Unemployed,132309,No,27672,679,28,27785,8436,600
747,52,M,Widowed,3,Employed,93933,Yes,38417,773,21,29510,22177,800
748,36,F,Divorced,1,Unemployed,42335,No,27281,379,5,17261,27754,300
749,37,M,Married,0,Employed,65095,Yes,48442,666,17,19254,25544,300
750,35,M,Married,4,Self-Employed,99930,Yes,28091,760,26,11392,13638,400
751,64,F,Married,0,Employed,149974,No,38328,838,5,12336,1179,500
752,58,M,Widowed,4,Unemployed,47197,Yes,48219,751,22,11939,4873,600
753,66,M,Divorced,0,Unemployed,147619,No,18610,763,15,27412,18570,300
754,31,F,Divorced,3,Employed,42010,Yes,1079,777,13,16676,49223,300
755,32,M,Single,2,Retired,44123,Yes,29850,719,28,9843,18157,300
756,48,F,Single,2,Self-Employed,107923,No,46751,513,1,45591,46565,800
757,18,F,Divorced,1,Self-Employed,22890,No,20590,668,11,25112,5460,400
758,20,F,Divorced,4,Unemployed,113305,Yes,30951,413,23,30598,49084,600
759,33,M,Divorced,4,Retired,129162,Yes,15327,802,1,35454,1352,300
760,40,M,Widowed,4,Employed,140927,Yes,12755,610,11,33001,22586,700
761,28,M,Divorced,3,Self-Employed,28026,Yes,7235,768,18,27228,6344,700
762,29,F,Single,4,Retired,84925,Yes,17197,343,18,14429,5507,500
763,27,M,Widowed,2,Self-Employed,88842,Yes,21473,714,21,18758,38598,300
764,49,F,Divorced,3,Retired,53665,No,2031,545,26,2272,44988,700
765,33,F,Single,0,Retired,29277,No,41282,383,16,17350,33885,600
766,25,M,Widowed,4,Unemployed,62239,No,41863,506,13,22538,17865,700
767,55,F,Divorced,4,Self-Employed,67664,Yes,14287,450,7,3400,38055,500
768,29,M,Divorced,0,Employed,68008,Yes,38679,827,1,15371,28213,400
769,41,M,Divorced,4,Unemployed,34683,Yes,44463,464,26,37310,5477,800
770,45,M,Widowed,0,Unemployed,20670,No,32230,444,16,36291,7533,600
771,25,M,Single,3,Employed,109211,No,19037,336,1,18147,24396,400
772,45,M,Single,2,Unemployed,37889,Yes,27052,632,17,3291,13755,500
773,53,F,Married,0,Retired,75612,Yes,3340,702,6,35256,1865,600
774,43,F,Divorced,1,Retired,64535,No,40644,713,2,10892,12173,300
775,25,F,Married,0,Self-Employed,98542,No,48664,344,17,34326,39097,700
776,67,M,Married,4,Self-Employed,74319,No,45203,701,6,37458,34371,600
777,45,M,Single,3,Employed,134072,Yes,1141,505,14,38889,39524,700
778,45,M,Widowed,3,Self-Employed,112067,Yes,25425,361,18,44966,12254,300
779,54,F,Widowed,0,Retired,41639,Yes,19281,719,6,37207,5018,700
780,58,M,Single,2,Employed,84712,No,42049,767,10,40288,6192,400
781,53,F,Widowed,1,Employed,36633,No,20425,318,24,25995,3015,300
782,44,F,Married,3,Self-Employed,141145,Yes,34806,664,18,5409,43618,700
783,34,M,Divorced,4,Retired,54660,Yes,32113,599,27,42438,4380,700
784,26,M,Single,4,Employed,88975,No,4270,306,9,44874,29343,600
785,50,F,Divorced,2,Retired,52172,Yes,42814,727,8,44702,4770,700
786,37,M,Widowed,3,Retired,79197,No,4683,416,28,29823,6829,700
787,30,F,Divorced,0,Retired,121158,No,49646,806,10,7869,35381,500
788,45,M,Widowed,4,Self-Employed,78847,Yes,39884,845,17,35724,46915,300
789,65,M,Widowed,2,Unemployed,31577,No,29809,624,23,22401,16545,300
790,46,F,Married,3,Unemployed,97299,Yes,34552,354,29,25958,19263,800
791,30,M,Widowed,3,Employed,40176,No,3786,341,26,10766,39140,700
792,63,F,Married,3,Retired,64386,No,21650,596,6,19768,44306,500
793,52,M,Married,3,Self-Employed,83972,Yes,28706,530,14,30794,26675,600
794,23,F,Married,3,Retired,140018,No,9190,752,22,26145,26362,600
795,35,F,Single,4,Retired,109791,Yes,38196,693,22,10086,1148,300
796,68,M,Single,2,Self-Employed,61003,Yes,39449,821,6,43203,2754,400
797,22,F,Widowed,3,Unemployed,39996,No,39661,657,26,26442,27745,600
798,64,M,Married,1,Retired,120922,Yes,29709,743,7,16412,8378,700
799,42,M,Single,1,Retired,106598,Yes,45429,427,12,25596,47359,400
800,19,M,Married,2,Unemployed,55931,Yes,14892,704,3,10255,21140,500
801,27,F,Divorced,0,Self-Employed,144168,Yes,9643,691,14,42406,10371,400
802,47,F,Divorced,0,Employed,55710,Yes,9943,492,22,40524,27999,700
803,67,M,Divorced,0,Unemployed,143099,Yes,43240,377,19,23332,13779,700
804,62,M,Widowed,1,Employed,54693,No,45760,384,23,44624,32075,300
805,22,F,Married,0,Employed,55740,Yes,21042,329,16,15764,31697,400
806,50,M,Divorced,4,Unemployed,97241,No,43894,348,7,27563,10795,300
807,18,M,Single,3,Retired,128944,No,6869,444,8,22139,39460,300
808,35,F,Divorced,1,Employed,113583,Yes,40437,368,18,36370,5218,400
809,49,M,Divorced,2,Employed,96502,No,44306,357,25,5062,38571,400
810,64,F,Divorced,2,Self-Employed,37374,No,42833,778,13,44645,12672,500
811,66,M,Widowed,3,Retired,96674,Yes,20918,744,21,7244,32042,700
812,28,F,Single,1,Employed,136500,Yes,28379,595,9,6372,36950,700
813,38,M,Married,0,Self-Employed,101471,Yes,42939,470,10,39873,12009,600
814,43,M,Single,0,Retired,65913,No,25274,446,21,19965,48096,800
815,42,F,Married,4,Unemployed,143683,No,17696,783,23,44997,20544,300
816,39,M,Widowed,4,Unemployed,86025,Yes,2962,605,27,16956,30381,800
817,44,F,Widowed,0,Self-Employed,64516,Yes,13851,745,9,40473,26287,400
818,66,M,Widowed,2,Unemployed,107796,No,45747,520,15,13894,3586,800
819,30,F,Widowed,2,Employed,46069,No,5296,677,20,45048,3648,300
820,50,F,Married,4,Retired,138333,No,14745,565,2,33382,41081,400
821,51,F,Divorced,3,Employed,76233,No,5730,394,25,4050,19101,700
822,58,F,Married,0,Employed,104811,Yes,13921,561,13,16709,46312,300
823,52,M,Single,4,Unemployed,79049,No,32894,370,2,15722,22692,600
824,18,M,Widowed,4,Employed,121820,No,5602,518,19,15210,8407,400
825,38,F,Widowed,0,Unemployed,138028,No,17575,832,26,49510,18254,800
826,65,F,Single,0,Retired,59178,No,19023,391,2,36545,16234,500
827,23,F,Married,2,Retired,52821,Yes,45349,426,3,38674,23211,500
828,45,M,Divorced,3,Employed,71727,Yes,15997,379,6,34489,30480,400
829,34,M,Divorced,3,Self-Employed,80935,No,17750,537,3,17733,48780,400
830,22,M,Single,0,Unemployed,36999,No,41979,671,10,20080,25846,800
831,48,M,Divorced,1,Unemployed,82522,Yes,22837,785,24,36664,43503,300
832,22,F,Married,4,Employed,58712,Yes,14997,324,27,39709,47193,400
833,55,F,Married,4,Unemployed,84551,No,39439,455,6,46232,49466,600
834,20,F,Single,0,Unemployed,60172,No,23067,816,23,38014,16321,300
835,40,M,Married,1,Self-Employed,53722,Yes,45039,829,16,41152,13646,700
836,54,M,Widowed,2,Self-Employed,30625,Yes,20923,356,17,27250,23117,400
837,54,M,Single,0,Employed,87165,Yes,8876,318,19,20229,5893,500
838,27,F,Married,0,Self-Employed,96509,Yes,2887,683,3,48137,10476,800
839,27,F,Single,4,Employed,26859,Yes,42422,492,18,16475,18270,700
840,36,M,Divorced,0,Retired,61609,Yes,36854,536,7,46412,22702,600
841,34,F,Married,0,Employed,63307,No,36948,686,9,43876,5382,400
842,38,M,Widowed,0,Retired,130986,Yes,2841,725,20,29011,2785,600
843,31,M,Married,4,Employed,121582,Yes,28756,576,12,8128,46798,300
844,26,F,Single,2,Unemployed,41839,Yes,6040,526,5,32450,12735,400
845,63,M,Single,2,Self-Employed,47216,Yes,10304,622,3,18897,31177,600
846,18,F,Married,0,Retired,72953,No,30341,452,11,8168,31712,600
847,68,M,Widowed,4,Employed,104481,No,4758,536,25,6861,17679,500
848,62,F,Widowed,2,Self-Employed,80593,Yes,17010,354,4,41758,44013,300
849,30,F,Widowed,2,Employed,92075,No,31658,735,5,13750,36365,700
850,21,F,Single,2,Self-Employed,69522,No,49002,408,1,16988,18064,500
851,18,M,Married,4,Self-Employed,119161,No,37782,483,27,2979,31563,800
852,66,M,Divorced,4,Employed,24886,No,1375,667,28,23524,34092,300
853,57,F,Single,0,Retired,131249,No,33949,497,29,7065,48928,800
854,49,F,Widowed,3,Retired,27485,No,22092,670,18,37684,27867,300
855,51,M,Married,2,Unemployed,51455,Yes,490,672,12,23184,46382,800
856,45,M,Widowed,3,Self-Employed,131984,Yes,3729,796,13,33365,34754,600
857,48,M,Divorced,4,Unemployed,36767,Yes,5974,500,9,23704,20502,600
858,25,F,Widowed,4,Unemployed,132701,Yes,19680,808,2,5622,1760,700
859,56,M,Widowed,4,Employed,48453,Yes,18324,621,5,18261,25142,300
860,43,M,Divorced,3,Employed,96280,No,31334,574,13,44932,45653,300
861,51,F,Married,4,Employed,122638,Yes,21398,510,16,28419,42996,400
862,20,M,Single,0,Self-Employed,73442,Yes,34650,803,16,34467,18290,400
863,67,M,Married,4,Employed,71877,No,21292,417,24,25605,6499,600
864,29,M,Divorced,1,Employed,32226,No,35755,341,3,29171,1364,500
865,18,F,Widowed,3,Self-Employed,113405,Yes,38353,614,22,22164,20797,400
866,61,F,Married,1,Self-Employed,42588,No,3159,628,4,49868,41795,300
867,22,F,Single,4,Retired,98976,No,32626,316,11,46197,33535,400
868,47,F,Divorced,0,Employed,51709,No,29351,582,23,13796,47300,300
869,47,F,Married,2,Employed,67788,No,37298,557,26,36854,48176,700
870,34,F,Single,4,Employed,108031,Yes,17065,318,14,31320,17105,300
871,65,F,Divorced,0,Retired,57019,No,21638,828,29,665,8939,300
872,64,M,Single,3,Employed,64948,Yes,1073,722,3,32694,14936,300
873,40,M,Divorced,1,Retired,85133,Yes,46511,765,16,24230,43029,300
874,32,F,Widowed,1,Unemployed,134444,No,18771,672,22,22995,16863,700
875,54,M,Married,1,Retired,86458,No,35461,380,15,26784,13561,400
876,38,M,Single,3,Unemployed,137603,No,42330,847,28,14605,11447,800
877,31,F,Divorced,0,Employed,47526,Yes,29320,723,10,17463,31624,400
878,19,M,Single,3,Unemployed,93493,No,4340,728,9,8419,47940,400
879,28,M,Single,1,Retired,148585,No,34924,687,11,47952,45646,400
880,68,M,Married,4,Self-Employed,72198,No,16184,503,16,33837,13411,800
881,56,M,Widowed,2,Unemployed,134100,No,40734,495,10,5263,20465,300
882,55,M,Single,3,Unemployed,143854,No,2580,584,17,48877,39216,400
883,51,F,Divorced,3,Employed,119534,Yes,40025,495,19,40719,20642,600
884,55,F,Divorced,0,Retired,63395,No,28967,606,2,45687,32262,800
885,67,F,Widowed,0,Unemployed,44031,No,2159,313,24,34131,31363,300
886,51,M,Divorced,3,Unemployed,95542,No,48940,445,23,37276,3107,400
887,35,F,Widowed,1,Unemployed,145814,Yes,13900,356,2,34523,8928,400
888,47,M,Divorced,2,Unemployed,57701,No,11440,509,6,519,49002,300
889,32,M,Married,0,Self-Employed,132599,Yes,14678,828,19,31106,20317,600
890,44,M,Single,1,Retired,45939,Yes,47204,643,8,44504,26017,700
891,68,M,Married,4,Employed,69145,No,12021,578,26,10514,14528,300
892,51,F,Single,0,Employed,40324,No,6772,508,29,47456,14313,400
893,69,F,Single,1,Self-Employed,42867,No,1627,634,3,7233,2559,300
894,55,M,Single,1,Retired,20203,Yes,44432,587,26,1102,16167,400
895,50,F,Married,2,Unemployed,36544,Yes,8219,551,14,597,16343,400
896,41,M,Single,2,Self-Employed,35899,Yes,23464,564,25,46715,39598,600
897,32,F,Married,4,Retired,49063,Yes,30232,570,16,19657,8523,700
898,47,F,Widowed,1,Unemployed,110880,Yes,42481,718,1,45009,29439,300
899,59,M,Divorced,1,Self-Employed,23748,Yes,8488,510,21,38549,16524,300
900,68,F,Divorced,2,Retired,125022,No,34949,664,3,43565,14285,400
901,34,M,Single,0,Employed,137269,No,44362,375,22,6256,11973,500
902,22,F,Married,0,Employed,86629,Yes,39932,620,26,43148,23694,700
903,46,M,Divorced,3,Retired,100764,No,18981,732,18,29401,36774,300
904,21,M,Married,2,Employed,40884,No,901,408,9,41548,5302,500
905,27,F,Married,3,Retired,45183,Yes,22444,821,6,6554,23391,500
906,34,F,Single,2,Unemployed,101570,Yes,42058,346,23,12664,5611,300
907,27,M,Divorced,4,Retired,91246,No,18061,678,21,42367,10372,400
908,34,F,Single,1,Unemployed,128036,Yes,2881,395,25,48279,25312,300
909,37,F,Single,4,Self-Employed,39259,Yes,29863,402,1,24386,15080,400
910,41,M,Divorced,2,Retired,55959,No,45826,445,21,4846,16082,700
911,22,M,Divorced,1,Self-Employed,136525,Yes,5622,326,27,26205,48409,500
912,51,F,Widowed,0,Employed,53457,No,1378,829,10,25570,43861,800
913,23,M,Widowed,0,Unemployed,105679,No,17632,381,27,30255,31677,400
914,19,M,Married,3,Retired,145829,No,28311,727,6,21182,21874,800
915,30,M,Divorced,2,Self-Employed,148216,No,5650,778,23,39373,9378,400
916,60,F,Widowed,2,Unemployed,22103,No,45201,461,12,43019,2597,600
917,60,F,Married,0,Unemployed,85901,Yes,42224,701,4,16043,12600,300
918,65,M,Married,4,Employed,132314,Yes,7036,807,28,45532,4747,400
919,28,F,Married,1,Employed,64535,Yes,39255,337,13,35754,14879,700
920,68,M,Widowed,4,Unemployed,36103,Yes,22499,810,17,400,14017,300
921,64,F,Divorced,4,Unemployed,118046,No,37016,692,27,19239,25815,800
922,40,M,Single,0,Retired,110012,No,4603,793,8,10416,19964,400
923,33,M,Married,0,Unemployed,98278,Yes,27773,499,26,3412,29812,300
924,48,F,Widowed,0,Retired,32391,No,19937,554,20,16440,41200,700
925,28,M,Widowed,3,Unemployed,122476,Yes,12632,478,3,24406,25714,300
926,33,F,Single,4,Employed,48901,Yes,30607,846,12,1875,19890,700
927,25,F,Single,2,Retired,140721,Yes,26337,688,7,37066,5725,800
928,21,M,Widowed,1,Self-Employed,117537,No,220,697,12,36536,44205,400
929,57,M,Divorced,3,Employed,101159,No,46994,457,2,5752,21684,600
930,21,F,Single,2,Retired,87914,No,4818,303,24,21217,27325,400
931,42,M,Widowed,4,Retired,70357,No,7349,466,14,12489,33542,800
932,20,M,Single,0,Self-Employed,106908,Yes,5618,767,22,1353,47037,700
933,49,M,Divorced,4,Retired,130335,No,27464,708,23,26986,14092,400
934,20,M,Married,1,Unemployed,58437,No,42624,711,5,21371,31382,600
935,44,M,Single,3,Self-Employed,55503,No,37344,503,9,39365,40770,800
936,46,F,Divorced,3,Employed,116282,Yes,18255,493,21,14691,26457,800
937,49,F,Widowed,1,Employed,113459,Yes,24299,534,11,4311,7131,500
938,67,M,Single,2,Unemployed,95403,No,47975,449,5,48075,47029,300
939,68,M,Single,2,Employed,61258,No,1462,458,3,10794,26215,300
940,36,M,Widowed,3,Retired,53724,No,15905,578,27,2934,13612,800
941,38,F,Married,3,Retired,84286,No,24920,703,17,16406,38305,300
942,22,M,Widowed,0,Unemployed,94842,Yes,16252,610,2,10394,14091,500
943,35,F,Single,2,Employed,124927,No,41004,367,24,26872,36103,300
944,45,F,Widowed,1,Employed,34908,No,40581,762,1,41708,38089,500
945,59,F,Divorced,2,Unemployed,112617,No,34836,387,7,49956,30759,400
946,39,M,Widowed,0,Self-Employed,70626,Yes,5753,516,14,41093,47022,400
947,38,F,Single,3,Employed,57228,Yes,40005,300,5,20800,1559,300
948,23,M,Widowed,3,Self-Employed,43386,No,14175,434,19,43397,1713,500
949,18,F,Married,0,Employed,66754,No,6191,650,28,37909,38361,600
950,22,M,Widowed,1,Employed,130942,No,17898,439,28,21352,16184,300
951,58,F,Married,3,Employed,48302,No,18982,432,11,36439,16261,400
952,29,M,Divorced,4,Employed,80815,No,14622,477,23,28312,21372,300
953,43,F,Married,3,Retired,141084,Yes,1001,657,25,40060,33140,400
954,63,M,Widowed,4,Self-Employed,104748,Yes,47645,679,2,15438,34024,400
955,51,M,Single,0,Self-Employed,83344,Yes,43000,749,8,23385,48342,400
956,66,M,Married,0,Employed,55618,No,23283,762,9,44999,33544,300
957,31,M,Divorced,3,Employed,131603,Yes,21435,407,27,18482,1037,300
958,43,F,Married,2,Self-Employed,96234,Yes,27223,421,3,32471,44032,600
959,62,F,Married,4,Retired,81114,Yes,37244,316,2,47279,13697,300
960,44,M,Married,1,Unemployed,137652,No,30024,495,7,43877,42420,700
961,26,F,Divorced,3,Unemployed,90130,No,49630,626,5,41212,49698,700
962,43,M,Widowed,1,Self-Employed,45525,Yes,30734,617,21,48373,32707,600
963,64,M,Married,3,Employed,99818,No,515,778,26,13026,27016,300
964,39,F,Married,2,Employed,134589,Yes,45246,551,5,42089,35600,600
965,64,M,Single,2,Retired,34334,Yes,1191,802,20,19648,49285,700
966,47,M,Divorced,2,Unemployed,114715,Yes,32264,418,13,5435,24984,300
967,60,F,Married,2,Retired,82767,Yes,43628,797,21,8493,6167,300
968,65,M,Divorced,0,Unemployed,26644,No,46216,785,29,6691,1432,600
969,34,M,Married,0,Self-Employed,121154,No,6297,344,20,2763,5151,800
970,43,M,Widowed,4,Unemployed,133237,No,27856,613,29,20389,48680,300
971,53,M,Widowed,1,Retired,52933,No,49423,478,6,31498,7411,800
972,18,F,Married,3,Retired,146366,Yes,8334,717,20,36009,31788,800
973,25,F,Widowed,3,Retired,63469,No,24162,377,18,35825,27623,600
974,66,F,Married,0,Self-Employed,53687,Yes,6008,625,25,16934,23104,500
975,52,M,Widowed,3,Unemployed,126609,No,7987,656,2,5574,1256,400
976,69,M,Single,0,Unemployed,72656,No,30966,715,25,38179,34439,700
977,32,F,Single,4,Retired,37375,No,3332,814,26,1587,34257,500
978,64,M,Single,1,Unemployed,134019,Yes,787,513,6,42782,40657,300
979,39,M,Divorced,4,Employed,140735,Yes,38990,373,9,38688,45674,600
980,31,M,Divorced,2,Employed,85206,Yes,9873,808,25,11688,19066,400
981,43,M,Single,2,Employed,116462,Yes,17006,631,3,4409,46371,300
982,45,F,Divorced,2,Unemployed,56607,No,20225,392,1,5783,33746,400
983,40,F,Widowed,4,Self-Employed,103178,Yes,36444,818,1,33480,3460,300
984,31,F,Married,3,Self-Employed,43993,Yes,35340,568,19,26751,38297,300
985,41,M,Married,1,Self-Employed,64386,No,39683,675,5,38174,35743,500
986,19,F,Married,2,Self-Employed,143394,No,5033,303,13,12041,4216,600
987,62,F,Single,2,Employed,66287,Yes,7788,437,19,23227,15267,400
988,43,M,Divorced,2,Employed,106724,No,15689,530,12,35201,10581,800
989,31,M,Widowed,1,Retired,118132,Yes,44220,828,16,36069,5515,800
990,68,F,Widowed,2,Unemployed,113308,No,21598,351,25,16654,23076,500
991,24,F,Single,1,Unemployed,116393,Yes,37480,624,25,26370,45816,800
992,20,F,Widowed,2,Self-Employed,147314,Yes,29703,576,19,29482,10776,800
993,64,F,Widowed,4,Employed,96312,Yes,66,835,3,11586,22947,700
994,40,M,Widowed,4,Self-Employed,118371,Yes,48623,785,12,5322,3963,400
995,63,F,Widowed,1,Retired,95324,Yes,45246,815,5,13932,7786,600
996,60,F,Divorced,4,Unemployed,91196,No,7533,451,2,29299,14866,300
997,64,M,Widowed,1,Unemployed,90014,Yes,15103,782,22,25179,39968,600
998,62,F,Married,4,Self-Employed,28210,Yes,4616,558,7,5257,33305,500
999,35,M,Single,4,Retired,30922,Yes,46045,623,13,46501,18360,800
1000,55,M,Divorced,1,Unemployed,56289,Yes,38498,467,25,46136,41113,400
1001,54,F,Single,2,Retired,41821,Yes,23586,558,4,15812,38103,300
1002,58,F,Divorced,0,Unemployed,41789,Yes,42667,370,22,51932,28630,500
1003,25,F,Divorced,3,Self-Employed,20477,Yes,29738,537,12,31019,22793,300
1004,63,F,Divorced,0,Unemployed,22918,Yes,44896,757,28,5283,2133,500
1005,39,F,Single,4,Retired,32805,No,46535,629,8,47724,17043,300
1006,46,F,Divorced,4,Retired,125081,No,4435,572,15,26100,35929,500
1007,26,F,Single,3,Employed,108286,No,19037,316,-3,16827,24631,400
1008,43,F,Single,2,Retired,36626,Yes,5649,569,5,7664,48303,300
1009,19,F,Single,3,Unemployed,89485,No,3682,685,7,7233,47706,700
1010,32,F,Single,2,Unemployed,46421,No,1591,429,24,23244,21872,300
1011,33,F,Single,0,Self-Employed,37431,Yes,35529,862,7,4465,30244,300
1012,15,F,Widowed,2,Employed,97267,Yes,5450,455,11,6513,4075,300
1013,14,F,Single,2,Unemployed,92159,Yes,4064,710,12,8507,46219,500
1014,29,F,Widowed,2,Self-Employed,92227,Yes,20905,666,18,20776,39161,500
1015,53,F,Married,3,Self-Employed,103894,Yes,29823,747,10,25360,2607,300
1016,44,F,Divorced,3,Retired,101925,No,17102,736,22,27683,38508,400
1017,62,F,Single,1,Employed,64851,Yes,13955,767,18,8852,23916,300
1018,27,F,Single,3,Unemployed,20216,No,21474,806,22,18162,45745,300
1019,25,F,Single,2,Self-Employed,84129,No,29695,427,12,46402,69,300
1020,52,F,Divorced,1,Unemployed,59351,No,38856,480,28,48158,40912,500
1021,65,F,Married,1,Employed,88133,No,36490,835,8,25979,33928,700
1022,44,F,Single,1,Unemployed,65464,Yes,21579,835,13,35184,18471,400
1023,69,F,Married,1,Retired,66143,Yes,12363,499,4,18709,32398,400
1024,41,F,Married,2,Unemployed,139914,Yes,31728,517,2,41942,43882,500
1025,29,F,Single,2,Employed,112271,No,43425,731,12,434,19328,300
1026,37,F,Single,4,Retired,113685,Yes,6088,798,4,1267,19157,400
1027,40,F,Married,1,Retired,54185,No,12443,672,21,49493,25538,300
1028,51,F,Single,1,Employed,92033,Yes,9724,270,22,17286,5545,600
1029,15,F,Widowed,3,Self-Employed,67124,Yes,35783,313,3,36081,21454,400
1030,45,F,Single,0,Self-Employed,134102,No,1,440,21,27778,46438,300
1031,50,F,Single,0,Self-Employed,85059,No,44288,795,9,21781,47483,400
1032,20,F,Married,3,Retired,81515,No,7080,402,6,40829,34780,500
1033,35,F,Widowed,0,Employed,54627,Yes,48229,680,4,43359,6400,300
1034,56,F,Married,2,Unemployed,102439,Yes,39007,525,20,1474,29762,400
1035,52,F,Divorced,3,Unemployed,100887,Yes,42345,382,9,27847,12595,400
1036,43,F,Married,3,Self-Employed,133272,No,26338,472,5,27787,47753,400
1037,42,F,Widowed,4,Employed,148172,No,33839,698,15,2980,23800,500
1038,21,F,Married,3,Retired,39125,Yes,40868,779,28,12691,39444,400
1039,38,F,Divorced,3,Employed,92686,No,31619,601,12,45021,44931,500
1040,29,F,Divorced,3,Self-Employed,125538,Yes,18590,487,15,45522,24481,300
1041,52,F,Married,2,Unemployed,21635,No,19791,485,0,38621,37551,300
1042,44,F,Single,2,Self-Employed,51140,No,37597,503,13,40397,39062,300
1043,63,F,Married,4,Employed,132560,No,7327,768,23,42931,4250,300
1044,43,F,Single,0,Unemployed,101410,Yes,18100,276,21,15918,17425,600
1045,22,F,Single,5,Employed,85740,Yes,5346,341,4,43734,28424,300
1046,65,F,Married,1,Retired,58417,Yes,11964,501,10,21351,32291,300
1047,35,F,Single,1,Retired,110160,Yes,5401,796,3,8853,19992,400
1048,41,F,Widowed,3,Unemployed,118329,Yes,20901,679,17,39400,6972,300
1049,58,F,Married,1,Employed,104733,Yes,42719,434,20,22437,1145,500
1050,34,F,Divorced,5,Employed,137782,Yes,37474,414,8,40700,44653,500
1051,65,F,Widowed,4,Retired,31973,No,19282,591,19,12418,25169,300
1052,51,F,Widowed,2,Employed,122723,Yes,40551,535,12,32802,32095,400
1053,22,F,Widowed,3,Self-Employed,46833,No,14760,424,22,45296,2947,400
1054,52,F,Married,3,Employed,72295,Yes,26522,841,23,28244,9889,400
1055,54,F,Widowed,3,Unemployed,62702,No,25887,470,6,43638,10340,700
1056,54,F,Divorced,3,Unemployed,42105,No,40026,859,5,42134,35799,400
1057,55,F,Single,0,Employed,72052,Yes,26287,461,6,2117,16027,300
1058,38,F,Single,3,Self-Employed,80575,Yes,45639,625,0,18587,16504,400
1059,41,F,Single,2,Unemployed,102021,No,1121,830,23,40353,45099,300
1060,38,F,Married,1,Self-Employed,123335,No,7968,357,15,2186,3679,300
1061,43,F,Widowed,3,Unemployed,22716,Yes,47648,550,3,19648,23699,400
1062,57,F,Divorced,4,Retired,28688,Yes,18706,813,30,1064,21275,300
1063,45,F,Married,3,Retired,115491,Yes,32620,529,31,41461,16673,400
1064,54,F,Married,1,Unemployed,70940,No,18714,547,23,8539,46142,500
1065,55,F,Single,2,Employed,77473,No,12086,545,13,9175,18654,800
1066,51,F,Married,0,Retired,90066,No,37404,419,13,26113,13246,400
1067,52,F,Married,1,Unemployed,46126,Yes,14968,411,25,46392,44116,300
1068,64,F,Divorced,2,Self-Employed,132677,No,1056,332,8,32060,10664,500
1069,59,F,Widowed,4,Employed,47347,Yes,16905,620,3,19446,23933,300
1070,67,F,Married,4,Self-Employed,69259,Yes,14379,517,19,35906,13155,300
1071,26,F,Divorced,0,Employed,108503,No,15159,775,19,26591,6184,500
1072,46,F,Divorced,3,Self-Employed,129769,Yes,27840,631,16,5585,9715,300
1073,58,F,Married,0,Employed,90652,Yes,35019,492,25,38824,8076,400
1074,52,F,Widowed,3,Self-Employed,34951,No,20061,405,12,27410,24828,400
1075,52,F,Single,4,Unemployed,61464,No,23606,649,16,30567,8015,700
1076,63,F,Widowed,0,Retired,43768,No,16688,737,15,29817,35259,400
1077,66,F,Married,3,Employed,104552,No,2324,793,27,12482,26386,400
1078,71,F,Married,1,Retired,33289,Yes,31405,674,4,3960,45142,300
1079,72,F,Single,0,Unemployed,69334,Yes,29267,753,20,40783,34394,300
1080,31,F,Widowed,0,Retired,119092,No,42303,860,16,36186,7439,300
1081,56,F,Widowed,1,Retired,40417,Yes,15117,696,22,30318,36901,400
1082,47,F,Married,1,Employed,23629,No,41857,386,27,44919,10008,300
1083,36,F,Single,0,Self-Employed,41174,No,36253,866,12,5609,30667,400
1084,19,F,Single,4,Self-Employed,23967,Yes,7827,343,19,1096,42576,300
1085,49,F,Divorced,4,Employed,68005,No,14656,402,3,37195,31575,300
1086,54,F,Married,4,Unemployed,144097,Yes,22310,484,19,32190,26039,500
1087,38,F,Divorced,4,Employed,93350,Yes,29808,555,12,47584,45227,300
1088,35,F,Widowed,4,Unemployed,144439,Yes,27037,713,27,9276,46454,500
1089,28,F,Single,4,Unemployed,24131,Yes,19309,835,19,14304,48373,600
1090,40,F,Single,0,Retired,113429,No,4552,803,9,11905,21394,300
1091,26,F,Widowed,5,Unemployed,86587,No,21574,804,12,29302,38489,500
1092,37,F,Single,1,Unemployed,136763,Yes,33411,461,30,47754,14971,300
1093,54,F,Married,3,Employed,102833,Yes,43380,500,17,23954,2947,600
1094,21,F,Widowed,4,Employed,62147,No,29135,561,16,45880,11200,500
1095,37,F,Married,2,Retired,140204,No,26854,602,18,20376,33361,500
1096,25,F,Single,0,Employed,110721,Yes,12350,465,18,8511,14899,500
1097,25,F,Divorced,1,Employed,65308,No,38404,826,5,14675,28082,400
1098,66,F,Married,3,Unemployed,49008,No,21533,404,10,614,17464,300
1099,28,F,Widowed,2,Employed,40632,Yes,3644,348,23,10512,40532,300
1100,57,F,Married,4,Unemployed,140308,Yes,24349,458,23,30939,27185,300
1101,54,F,Single,0,Employed,134716,Yes,48319,346,17,23351,37782,800
1102,58,F,Married,1,Employed,89371,No,36039,477,20,36123,8695,300
1103,20,F,Divorced,2,Self-Employed,135926,Yes,12157,388,20,11231,24080,300
1104,37,F,Widowed,0,Employed,108082,No,33818,831,8,17991,43698,400
1105,18,F,Divorced,1,Self-Employed,130471,No,12307,405,15,11964,21030,300
1106,40,F,Married,1,Employed,50352,No,16590,506,23,43086,8673,400
1107,23,F,Widowed,4,Unemployed,65952,Yes,40608,487,16,22495,16481,300
1108,40,F,Married,2,Employed,48102,No,6457,409,15,1064,43546,300
1109,37,F,Single,1,Retired,23404,Yes,37878,558,9,18377,19289,300
1110,32,F,Divorced,3,Employed,111410,No,48407,550,23,20917,14362,300
1111,58,F,Widowed,3,Unemployed,50112,No,48787,704,20,13006,4502,300
1112,37,F,Divorced,2,Self-Employed,125888,No,18767,518,18,45476,25245,400
1113,64,F,Divorced,3,Retired,109478,Yes,46293,731,15,27636,3514,400
1114,61,F,Divorced,3,Employed,140852,No,50249,354,22,17560,34657,400
1115,44,F,Widowed,0,Self-Employed,117081,Yes,21568,407,9,3812,31678,300
1116,61,F,Divorced,2,Employed,89823,Yes,41224,458,12,16468,17262,400
1117,33,F,Married,3,Employed,120323,No,27234,603,16,7871,46089,300
1118,31,F,Divorced,1,Unemployed,69981,No,38926,623,28,29983,43037,300
1119,24,F,Single,1,Retired,95331,No,27166,388,28,50166,4176,500
1120,57,F,Married,2,Retired,73358,Yes,2169,382,5,49865,33329,300
1121,15,F,Married,2,Employed,115244,No,41753,401,17,13024,28208,300
1122,34,F,Divorced,4,Unemployed,125290,Yes,50026,471,20,9179,5349,400
1123,69,F,Widowed,3,Unemployed,123340,Yes,15274,682,33,48602,37590,400
1124,63,F,Married,1,Self-Employed,24229,No,36390,589,1,27352,13094,300
1125,65,F,Married,4,Employed,102301,No,136,734,30,14252,25687,700
1126,38,F,Divorced,1,Employed,89390,Yes,47900,465,24,25990,18304,300
1127,16,F,Single,0,Self-Employed,104985,No,4318,807,18,2152,46143,700
1128,40,F,Married,1,Employed,62893,No,50248,705,20,18553,25652,300
1129,53,F,Divorced,2,Retired,131307,No,24147,342,6,10324,8102,400
1130,41,F,Single,2,Retired,48159,Yes,34752,514,14,16761,42985,500
1131,45,F,Divorced,2,Retired,33406,Yes,40682,361,31,45703,39758,500
1132,43,F,Single,3,Employed,116295,Yes,16528,620,0,4978,44938,300
1133,28,F,Divorced,1,Self-Employed,138258,No,21374,347,5,33221,2588,300
1134,67,F,Married,1,Retired,34727,Yes,31752,665,4,2281,46464,400
1135,59,F,Widowed,4,Unemployed,112146,No,12561,590,22,10193,12247,800
1136,58,F,Widowed,3,Self-Employed,104998,Yes,45935,659,4,16351,34800,300
1137,27,F,Married,5,Retired,149509,No,38891,415,8,18387,35731,300
1138,36,F,Divorced,2,Self-Employed,101793,No,30142,591,11,25745,48462,600
1139,44,F,Single,0,Self-Employed,56287,Yes,13406,599,5,46766,9977,300
1140,46,F,Divorced,4,Retired,97568,Yes,18349,709,19,31363,38270,500
1141,44,F,Single,1,Unemployed,35840,Yes,28318,638,13,4396,13880,800
1142,23,F,Widowed,0,Self-Employed,150230,Yes,42970,874,7,45848,44440,300
1143,59,F,Divorced,3,Self-Employed,153414,No,32853,732,9,7273,16967,300
1144,68,F,Single,1,Unemployed,70290,No,30458,680,21,40565,34031,300
1145,48,F,Married,0,Retired,144003,Yes,28400,810,5,18859,30334,300
1146,38,F,Married,0,Self-Employed,77720,Yes,50504,598,4,24541,34288,300
1147,73,F,Married,0,Retired,123454,Yes,41395,671,9,21560,18388,400
1148,26,F,Widowed,1,Self-Employed,146255,Yes,1202,567,2,47636,43859,400
1149,55,F,Single,0,Employed,96554,No,48846,885,6,14702,45972,300
1150,18,F,Widowed,0,Unemployed,92882,No,18138,585,2,8300,14796,600
1151,37,F,Married,0,Unemployed,26525,Yes,2209,404,13,36043,24996,500
1152,40,F,Single,4,Retired,112071,No,4768,831,-1,733,17318,300
1153,16,F,Single,2,Self-Employed,42539,No,29628,786,18,29314,4990,400
1154,26,F,Single,2,Self-Employed,83673,No,32181,422,8,44365,2328,500
1155,57,F,Divorced,1,Unemployed,54970,No,38410,492,25,46931,42510,500
1156,34,F,Widowed,5,Employed,141519,No,5056,710,5,35344,14969,400
1157,60,F,Single,3,Self-Employed,33854,Yes,17846,658,22,30005,42990,300
1158,21,F,Married,2,Retired,125609,Yes,21427,569,16,31271,39357,300
1159,32,F,Married,5,Self-Employed,96362,No,26526,792,29,12944,15627,500
1160,67,F,Divorced,4,Employed,21448,No,805,695,32,26450,34757,300
1161,19,F,Single,1,Self-Employed,33560,No,16507,646,17,44451,37782,800
1162,14,F,Married,2,Employed,112100,No,3008,782,9,39344,45761,500
1163,19,F,Single,4,Employed,77865,Yes,5448,485,4,48927,34439,400
1164,54,F,Married,1,Self-Employed,76373,No,35183,450,27,7546,46719,400
1165,48,F,Widowed,1,Self-Employed,123567,Yes,23948,401,9,748,30614,500
1166,61,F,Single,5,Self-Employed,48774,No,40590,531,22,3342,19495,300
1167,27,F,Widowed,3,Employed,34713,Yes,20266,527,8,42773,41824,300
1168,29,F,Single,2,Unemployed,86720,Yes,14849,456,13,31517,37912,400
1169,71,F,Single,1,Unemployed,67737,Yes,30326,733,25,38672,34545,400
1170,38,F,Widowed,0,Employed,112230,No,33120,791,12,15514,42817,300
1171,32,F,Widowed,4,Retired,48942,Yes,17241,530,24,4120,15588,500
1172,34,F,Single,2,Unemployed,48990,Yes,1418,367,27,26928,22704,300
1173,50,F,Divorced,0,Employed,47399,Yes,26387,403,-2,46636,31342,300
1174,19,F,Single,5,Employed,82114,Yes,5632,455,-3,44831,34758,300
1175,21,F,Single,2,Retired,133527,Yes,5990,448,7,23697,40315,300
1176,43,F,Single,0,Employed,117693,No,31002,492,18,7296,31867,400
1177,45,F,Single,4,Employed,61235,No,7920,345,32,39216,17584,300
1178,28,F,Widowed,2,Employed,25749,No,45843,755,6,49768,32021,400
1179,25,F,Single,1,Employed,32303,No,40745,589,21,9192,48570,300
1180,52,F,Widowed,5,Employed,87553,Yes,50072,750,26,7993,8125,300
1181,35,F,Single,0,Employed,139661,Yes,43012,367,25,3468,13091,400
1182,46,F,Widowed,4,Employed,123208,No,43644,577,10,35012,32741,400
1183,20,F,Widowed,2,Self-Employed,96043,Yes,43597,443,8,43588,21066,400
1184,62,F,Widowed,4,Unemployed,122430,Yes,16384,623,25,45561,37097,500
1185,37,F,Widowed,0,Employed,24529,Yes,45511,451,16,41868,25839,400
1186,26,F,Married,0,Unemployed,58118,Yes,6403,838,4,11270,7949,300
1187,32,F,Widowed,1,Retired,114692,No,45638,831,19,37957,7032,500
1188,30,F,Single,4,Retired,125793,No,18801,443,11,22323,21652,300
1189,43,F,Married,4,Retired,124532,No,25804,391,13,33101,2230,300
1190,45,F,Widowed,4,Retired,66282,No,8270,514,10,12851,34776,300
1191,51,F,Widowed,2,Employed,36757,No,21620,717,30,41802,36253,400
1192,47,F,Married,1,Retired,149988,Yes,27323,828,5,16740,28900,400
1193,52,F,Divorced,3,Employed,93724,Yes,45677,346,24,7759,40235,300
1194,39,F,Single,1,Retired,111615,No,5844,790,7,13296,18719,300
1195,34,F,Divorced,3,Employed,106548,No,28241,273,12,43700,17911,500
1196,63,F,Widowed,3,Employed,107181,No,4372,504,24,4124,18950,400
1197,30,F,Widowed,1,Retired,102105,No,35609,444,8,14716,36352,300
1198,43,F,Single,1,Employed,114744,Yes,16999,673,-1,3930,46875,400
1199,19,F,Single,0,Unemployed,94746,No,16793,367,14,17204,12803,300
1200,56,F,Widowed,3,Self-Employed,135819,No,35998,499,16,2923,15664,400
1201,69,F,Married,4,Retired,21704,Yes,19540,731,21,49091,31497,300
1202,52,F,Married,0,Unemployed,64506,No,18298,565,22,8738,46704,400
1203,33,F,Single,1,Self-Employed,49781,Yes,34129,534,19,13335,9609,400
1204,37,F,Married,0,Self-Employed,62573,Yes,40544,698,7,37310,36681,300
1205,56,F,Married,1,Unemployed,95621,Yes,38493,506,20,1245,28427,400
1206,29,F,Divorced,3,Retired,94570,No,17397,722,17,41389,10632,500
1207,56,F,Married,3,Retired,147303,Yes,45326,391,25,29409,31123,300
1208,64,F,Married,1,Retired,34812,Yes,25762,866,2,44642,3651,300
1209,68,F,Single,1,Unemployed,133264,No,-475,514,7,40455,41492,300
1210,32,F,Divorced,2,Employed,120008,Yes,48242,564,25,22526,17120,700
1211,64,F,Married,3,Employed,104556,No,1109,789,21,14731,27534,400
1212,22,F,Married,0,Unemployed,102728,No,3605,855,3,40488,33864,300
1213,52,F,Single,2,Retired,47452,Yes,26184,555,2,15773,38845,400
1214,33,F,Single,1,Unemployed,76222,No,48103,707,0,10221,4374,300
1215,69,F,Widowed,3,Unemployed,30420,No,30406,629,21,25133,16231,300
1216,46,F,Single,3,Employed,130365,Yes,1294,504,10,40967,37565,400
1217,49,F,Divorced,3,Employed,139201,No,31914,668,2,26527,36278,600
1218,52,F,Widowed,3,Self-Employed,90713,No,31266,391,1,45454,40128,300
1219,38,F,Divorced,3,Retired,132413,Yes,48589,758,24,35477,38063,400
1220,22,F,Widowed,0,Unemployed,103460,No,16938,342,24,32914,33583,400
1221,22,F,Widowed,5,Unemployed,62849,Yes,43420,527,12,25239,16944,300
1222,40,F,Widowed,3,Retired,80447,No,5591,370,28,29693,7508,400
1223,38,F,Divorced,3,Employed,113790,Yes,46846,604,1,35991,28951,500
1224,52,F,Divorced,1,Retired,113945,No,5449,547,9,20040,38232,400
1225,49,F,Married,0,Self-Employed,34791,Yes,27395,350,9,44173,44753,300
1226,43,F,Divorced,5,Employed,113505,No,48705,662,2,34030,28539,300
1227,37,F,Divorced,0,Self-Employed,98414,Yes,28508,611,20,26399,49878,400
1228,42,F,Single,3,Retired,40191,Yes,3688,615,8,11329,51452,500
1229,16,F,Single,1,Retired,56810,No,20481,554,6,7774,33319,500
1230,68,F,Married,0,Employed,85486,No,36024,817,6,24393,35827,300
1231,63,F,Single,0,Employed,62302,Yes,11834,752,22,10257,25103,300
1232,47,F,Single,1,Retired,111360,No,42595,639,-1,11033,40949,400
1233,26,F,Divorced,5,Employed,137996,Yes,39849,516,0,28387,39689,300
1234,54,F,Married,2,Employed,105411,No,42972,502,14,21620,-815,400
1235,49,F,Widowed,1,Self-Employed,29798,No,19508,321,16,25206,24838,300
1236,51,F,Married,1,Unemployed,53607,No,832,631,11,21874,44625,500
1237,25,F,Divorced,2,Employed,107743,Yes,12103,809,23,29710,4288,300
1238,71,F,Married,4,Unemployed,53064,No,21492,380,11,2769,15860,400
1239,20,F,Divorced,3,Self-Employed,23303,No,48286,798,26,46328,40271,400
1240,49,F,Divorced,3,Self-Employed,128700,No,27669,578,15,6493,10545,400
1241,66,F,Widowed,3,Unemployed,105831,Yes,15768,540,16,11162,11493,300
1242,51,F,Single,5,Unemployed,82071,Yes,32909,369,-2,15041,23554,400
1243,45,F,Single,1,Employed,24614,Yes,6464,743,31,18886,28786,300
1244,65,F,Divorced,4,Employed,141901,Yes,47773,413,14,18986,34334,400
1245,65,F,Widowed,2,Self-Employed,50200,No,38327,585,5,39960,14804,500
1246,23,F,Married,2,Unemployed,108496,No,3700,881,5,39136,33614,500
1247,52,F,Divorced,2,Employed,55976,No,43468,371,21,8178,44792,400
1248,62,F,Widowed,3,Retired,93906,No,21011,789,21,5805,32333,400
1249,59,F,Single,0,Retired,44883,No,35043,510,22,40827,25416,300
1250,56,F,Single,0,Retired,67588,Yes,3942,594,26,31058,25917,300
1251,29,F,Widowed,3,Retired,135941,Yes,33518,328,21,35557,9481,400
1252,25,F,Single,4,Self-Employed,48859,No,45839,385,22,48313,37477,400
1253,27,F,Single,5,Employed,84971,No,3561,273,9,45806,28139,300
1254,20,F,Single,3,Employed,106271,Yes,19976,327,-4,19586,23919,400
1255,37,F,Widowed,0,Employed,113875,Yes,31296,745,5,16530,41869,300
1256,33,F,Married,3,Retired,29361,Yes,39522,838,8,31659,26508,300
1257,24,F,Married,1,Self-Employed,52698,No,2745,344,25,1379,27566,400
1258,67,F,Married,4,Employed,67164,No,10813,610,27,11727,13384,300
1259,49,F,Widowed,1,Employed,82116,Yes,11730,614,21,26994,48802,400
1260,42,F,Single,1,Self-Employed,37368,Yes,23936,522,26,48836,40718,400
1261,24,F,Widowed,1,Self-Employed,97250,Yes,44710,493,8,41181,21400,300
1262,29,F,Widowed,4,Employed,30566,Yes,21140,481,12,41471,43629,400
1263,61,F,Married,4,Employed,98420,Yes,-1365,751,27,10586,28501,400
1264,63,F,Single,2,Retired,23046,Yes,13029,443,8,23440,30205,400
1265,32,F,Divorced,3,Employed,115142,Yes,18052,650,3,6719,20675,500
1266,32,F,Married,3,Employed,56611,No,22974,298,-4,32497,3107,400
1267,22,F,Divorced,0,Employed,25796,No,25554,742,5,39717,7366,400
1268,47,F,Single,1,Employed,141536,No,29682,803,19,26409,34864,400
1269,54,F,Divorced,2,Self-Employed,80089,Yes,6163,366,27,-1565,42516,400
1270,71,F,Married,5,Employed,64256,No,12270,553,24,8122,14488,300
1271,49,F,Divorced,2,Self-Employed,68466,Yes,13138,536,5,11209,4015,300
1272,37,F,Widowed,2,Retired,73559,Yes,5851,673,19,5308,20391,400
1273,49,F,Widowed,0,Self-Employed,90218,No,48334,554,15,46749,17165,500
1274,31,F,Single,2,Employed,112310,No,46813,715,18,2046,19250,300
1275,17,F,Married,4,Retired,84337,No,22773,482,13,34818,1155,300
1276,26,F,Widowed,2,Self-Employed,96601,Yes,38205,492,6,8011,5757,300
1277,27,F,Divorced,2,Unemployed,70571,Yes,40156,541,31,34181,41987,300
1278,62,F,Married,3,Retired,120312,Yes,9131,857,16,20858,10741,600
1279,25,F,Single,0,Retired,53786,No,20158,553,5,7937,34365,300
1280,30,F,Married,4,Retired,75778,Yes,14377,343,12,1570,34235,400
1281,27,F,Single,3,Self-Employed,47642,No,11795,397,8,19550,12368,300
1282,53,F,Divorced,3,Unemployed,99490,Yes,43350,328,11,25260,8842,400
1283,57,F,Divorced,4,Self-Employed,124759,Yes,26295,782,8,13904,12807,400
1284,20,F,Married,3,Unemployed,47591,Yes,43530,574,20,34885,42533,300
1285,45,F,Widowed,4,Self-Employed,17762,Yes,22520,361,5,36046,35763,300
1286,42,F,Married,3,Self-Employed,71777,No,35188,352,13,22930,45301,300
1287,17,F,Married,0,Retired,33294,Yes,35486,753,4,14350,13072,300
1288,48,F,Widowed,2,Employed,52782,Yes,19119,876,17,30997,25932,400
1289,17,F,Widowed,2,Self-Employed,116680,No,387,712,9,35967,42885,400
1290,23,F,Single,1,Retired,93676,Yes,26676,326,29,46452,2101,400
1291,38,F,Widowed,1,Retired,59756,Yes,41138,662,28,22819,14444,400
1292,60,F,Married,2,Retired,123382,No,9419,853,14,20247,12065,300
1293,24,F,Widowed,3,Employed,23280,No,41422,705,12,42671,14108,400
1294,28,F,Single,2,Retired,44342,Yes,30428,766,28,12520,18896,300
1295,34,F,Single,2,Self-Employed,79986,Yes,45166,664,-2,19937,17134,500
1296,30,F,Widowed,2,Self-Employed,91645,Yes,19652,670,19,19136,38900,300
1297,27,F,Married,0,Retired,19709,Yes,36380,596,23,27525,10100,400
1298,43,F,Widowed,1,Employed,123215,No,44078,525,6,18865,51151,500
1299,40,F,Single,0,Self-Employed,36815,No,33909,871,5,3121,28057,400
1300,58,F,Widowed,1,Retired,83278,Yes,39610,320,14,26693,46377,400
